Keyword,index,org,edu,com,else,keyword in entry,tutorial,wiki,introduction,course,class,lecture,video,graph,diagram,entry length,keyword_count,content_length,content_diagram,content_example,content_formula,content_graph,content_code,content_video,content_book,label
data mining,1,0,0,1,0,0,0,0,0,0,1,0,0,0,0,322,18,11726,0,3,0,2,1,0,0,1
data mining,2,1,0,0,0,1,0,1,0,0,0,0,0,0,0,363,42,18107,0,7,0,0,1,0,2,2
data mining,3,0,0,1,0,1,0,0,0,0,0,0,0,0,0,341,12,8632,0,0,0,1,0,0,0,0
data mining,4,0,0,1,0,1,0,0,0,0,0,0,0,0,0,478,15,7085,0,2,0,1,1,0,2,1
data mining,5,0,0,1,0,0,0,0,0,0,0,0,0,0,0,326,8,4910,0,2,0,1,0,0,1,0
data mining,6,0,0,1,0,0,0,0,0,1,0,0,0,0,0,1052,2,3043,0,0,0,0,0,0,0,0
data mining,7,0,0,1,0,0,0,0,0,0,0,0,0,0,0,300,13,7426,0,6,0,0,0,1,1,1
data mining,8,0,0,1,0,1,0,0,0,0,0,0,0,0,0,332,2,4382,0,1,0,0,2,0,0,0
data mining,9,0,0,1,0,1,0,0,0,0,0,0,0,0,0,321,16,8721,0,2,0,1,0,0,2,1
data mining,10,0,0,1,0,1,0,0,0,0,0,0,0,0,0,414,4,5856,0,3,0,0,0,0,0,1
subgraph counting,1,1,0,0,0,0,0,0,0,0,0,0,0,1,0,283,0,0,0,0,0,0,0,0,0,0
subgraph counting,2,1,0,0,0,0,0,0,0,0,0,0,0,1,0,336,0,24,0,0,0,0,0,0,0,0
subgraph counting,3,0,0,0,1,0,0,0,0,0,0,0,0,1,0,289,0,629,0,0,0,0,2,0,0,0
subgraph counting,4,1,0,0,0,0,0,0,0,0,0,0,0,0,0,246,0,174,0,0,0,0,0,0,0,0
subgraph counting,5,1,0,0,0,1,0,0,0,0,0,0,0,1,0,644,0,116,0,0,0,0,0,0,0,0
subgraph counting,6,0,0,1,0,0,0,0,0,0,1,0,0,1,0,736,0,1083,0,0,0,2,0,0,0,1
subgraph counting,7,0,0,0,1,0,0,0,0,0,0,0,0,1,0,669,0,178,0,0,0,0,1,0,0,0
subgraph counting,8,0,1,0,0,0,1,0,0,0,0,0,0,1,0,317,0,132,0,0,0,0,1,0,0,0
subgraph counting,9,1,0,0,0,0,0,0,0,0,0,0,0,1,0,359,0,311,0,0,0,0,0,0,0,1
subgraph counting,10,0,0,0,1,0,0,0,0,0,1,0,0,1,0,315,0,7015,0,0,0,0,1,0,0,2
deep learning,1,1,0,0,0,0,0,1,0,0,1,0,0,0,0,359,53,45207,0,17,1,6,8,4,6,2
deep learning,2,0,0,1,0,0,0,0,0,0,0,0,0,0,0,275,139,63486,1,11,0,4,39,1,14,2
deep learning,3,1,0,0,0,0,0,0,0,0,0,1,0,0,0,798,2,1428,0,0,0,0,0,0,7,1
deep learning,4,1,0,0,0,1,0,0,0,1,0,0,0,0,0,713,19,16828,0,0,0,0,0,5,2,2
deep learning,5,0,0,1,0,1,0,0,0,0,0,0,0,0,0,666,27,13199,0,1,0,2,0,0,0,1
deep learning,6,0,0,1,0,1,0,0,0,0,0,0,0,0,0,841,0,1242,0,0,0,0,0,0,7,0
deep learning,7,0,0,1,0,1,0,0,0,0,0,0,0,0,0,368,13,8131,0,3,0,1,0,1,1,1
deep learning,8,0,0,1,0,0,0,0,0,0,0,0,0,0,0,520,3,2943,0,0,0,1,1,3,7,1
deep learning,9,0,0,0,1,0,0,0,0,0,1,0,0,0,0,741,0,771,0,0,0,0,0,0,0,0
deep learning,10,0,0,1,0,0,0,0,0,0,0,0,0,0,0,521,40,12209,0,6,0,1,3,2,0,2
neural network,1,0,0,1,0,1,0,0,0,0,0,0,0,0,0,488,0,304,0,0,0,0,0,0,0,0
neural network,2,1,0,0,0,1,0,1,0,0,0,0,0,0,0,342,49,18877,0,10,0,1,0,1,0,2
neural network,3,0,0,1,0,1,0,0,0,0,0,0,0,0,0,850,32,10461,0,4,2,0,1,0,1,1
neural network,4,0,0,1,0,0,0,0,0,0,0,0,0,0,0,1223,2,1242,0,0,0,0,0,0,7,1
neural network,5,0,1,0,0,1,0,0,0,0,0,0,0,0,0,952,6,10207,0,2,0,2,0,1,2,1
neural network,6,0,0,1,0,0,0,0,0,0,0,0,0,0,0,332,42,18395,0,5,0,9,0,0,0,2
database management systems,1,0,0,1,0,0,0,0,0,0,0,0,0,0,0,293,0,0,0,0,0,0,0,0,0,0
algorithm,1,1,0,0,0,1,0,1,0,0,0,0,0,0,0,808,152,42954,3,22,3,14,15,0,3,2
algorithm,2,0,0,0,1,1,0,0,0,0,0,0,0,0,0,234,20,2854,0,0,0,1,1,0,0,0
algorithm,3,1,0,0,0,1,0,0,0,0,0,0,0,0,0,831,0,480,0,0,0,0,0,0,0,1
algorithm,4,0,0,1,0,1,0,0,0,0,0,0,0,0,0,437,15,3307,0,3,0,0,1,0,0,1
algorithm,5,0,0,1,0,0,0,0,0,0,0,0,0,0,0,372,29,7921,0,5,0,0,0,0,0,1
algorithm,6,0,0,0,1,1,0,0,0,0,0,0,0,0,0,232,1,311,0,0,0,0,0,0,0,0
algorithm,7,0,0,1,0,1,0,0,0,0,0,0,0,0,0,319,18,4569,0,5,0,0,0,0,0,2
algorithm,8,0,0,1,0,1,0,0,0,0,0,0,0,0,0,290,8,3251,0,2,1,1,0,0,0,1
algorithm,9,1,0,0,0,0,0,0,0,0,0,0,0,0,0,311,2,959,0,1,0,0,0,0,0,1
algorithm,10,0,0,0,1,1,0,0,0,0,0,0,0,0,0,796,10,994,0,0,0,0,3,1,1,0
reinforcement learning,1,0,0,1,0,1,0,0,0,0,0,0,0,0,0,328,9,6332,0,2,1,0,0,0,0,1
reinforcement learning,2,1,0,0,0,1,0,1,0,0,0,0,0,0,0,362,21,22642,0,5,1,0,0,0,0,2
reinforcement learning,3,0,0,0,1,1,0,0,0,0,0,0,0,0,0,617,20,12879,0,6,0,0,1,2,1,2
reinforcement learning,4,1,0,0,0,0,0,0,0,0,0,0,0,0,0,282,5,2129,0,0,0,0,1,0,0,0
reinforcement learning,5,0,0,0,1,0,0,0,0,0,0,0,0,0,0,368,0,406,0,1,0,0,0,0,2,0
reinforcement learning,6,0,0,1,0,0,0,0,0,0,0,0,0,0,0,300,7,4949,0,0,0,0,0,1,0,1
reinforcement learning,7,0,0,1,0,1,0,1,0,0,0,0,0,0,0,392,27,21254,0,7,1,0,0,7,0,2
reinforcement learning,8,0,1,0,0,1,0,0,0,0,0,0,0,0,0,587,11,5960,0,0,0,0,0,0,8,1
reinforcement learning,9,0,0,1,0,0,0,0,0,0,0,0,0,0,0,320,3,9254,0,1,0,0,1,0,0,1
reinforcement learning,10,0,1,0,0,0,0,0,0,1,1,0,0,0,0,579,0,82,0,0,0,0,1,0,0,1
quantum computing,1,1,0,0,0,1,0,1,0,0,0,0,0,0,0,955,9,28169,0,7,0,10,1,0,0,2
quantum computing,2,0,0,0,1,0,0,0,0,0,0,0,0,0,0,1210,3,7945,0,0,0,2,0,0,3,1
quantum computing,3,0,0,1,0,0,0,0,0,0,0,0,0,0,0,546,5,6822,0,2,0,0,1,0,1,1
quantum computing,4,0,0,1,0,0,0,0,0,0,0,0,0,0,0,281,4,4288,0,0,0,0,1,0,0,1
quantum computing,5,0,0,1,0,1,0,0,1,0,0,0,0,0,0,286,5,24748,0,2,0,1,13,2,0,2
quantum computing,6,0,0,1,0,0,0,0,0,0,0,0,0,0,0,303,1,3980,0,0,0,0,0,0,0,1
quantum computing,7,0,0,1,0,0,0,0,0,0,0,0,0,0,0,299,2,2931,0,0,0,0,1,0,0,0
quantum computing,8,0,0,1,0,0,0,0,0,0,0,0,0,0,0,631,9,8466,0,1,0,0,1,0,3,1
approximation algorithm ,1,1,0,0,0,0,0,1,0,0,0,0,0,0,0,590,12,11810,0,9,0,4,0,0,0,2
approximation algorithm ,2,1,0,0,0,1,0,0,0,0,0,0,0,0,0,292,2,1065,0,2,0,0,1,0,0,1
approximation algorithm ,3,0,0,1,0,0,0,0,0,0,0,0,0,0,0,303,4,2976,0,0,0,0,0,0,0,1
approximation algorithm ,4,0,1,0,0,1,0,1,0,0,1,0,0,0,0,270,2,9611,0,3,1,5,0,0,1,2
approximation algorithm ,5,0,1,0,0,0,0,0,0,0,0,0,0,0,0,301,11,13243,0,9,1,8,0,0,0,2
approximation algorithm ,6,0,0,0,1,0,0,0,0,0,0,0,0,0,0,255,1,2578,0,1,0,0,0,0,8,0
approximation algorithm ,7,0,0,1,0,0,0,0,0,0,0,0,0,0,0,282,0,0,0,0,0,0,0,0,0,0
approximation algorithm ,8,1,0,0,0,0,0,0,0,0,0,0,0,0,0,836,0,728,0,0,0,0,0,0,0,0
approximation algorithm ,9,0,1,0,0,0,0,0,0,0,0,0,0,0,0,310,0,227,0,0,0,0,1,0,0,0
approximation algorithm ,10,0,1,0,0,0,0,0,0,1,0,0,0,0,0,278,0,0,0,0,0,0,0,0,0,0
support vector machine ,1,1,0,0,0,0,0,1,0,0,0,0,0,0,0,477,2,31087,0,10,0,1,0,0,0,1
support vector machine ,2,0,0,1,0,0,0,0,0,0,1,0,0,0,0,1222,1,5202,0,0,0,1,2,0,0,0
support vector machine ,3,1,0,0,0,0,0,0,0,0,1,0,0,0,0,373,1,23355,0,9,9,0,2,0,0,1
support vector machine ,4,0,0,1,0,0,0,0,0,0,0,0,0,0,0,392,1,8915,0,4,0,0,4,1,0,2
support vector machine ,5,0,0,1,0,0,0,0,0,0,0,0,0,0,0,313,0,0,0,0,0,0,0,0,0,0
support vector machine ,6,0,0,1,0,0,0,0,0,0,0,0,0,0,0,211,0,3124,0,1,0,0,2,0,3,1
support vector machine ,7,0,0,0,1,0,0,0,0,0,0,0,0,0,0,222,0,2676,0,0,0,0,0,0,1,0
support vector machine ,8,1,0,1,0,0,0,0,0,0,0,0,0,0,0,604,1,5243,0,2,0,0,0,0,0,0
support vector machine ,9,0,0,1,0,1,0,0,0,0,1,0,0,0,0,909,3,11282,0,9,0,0,3,1,0,1
natural language processing,1,1,0,0,0,0,0,1,0,0,0,0,0,0,0,672,10,9095,0,4,0,0,0,0,1,1
natural language processing,2,0,0,1,0,0,0,0,0,0,0,0,0,0,0,523,0,5220,0,3,0,0,0,0,0,0
natural language processing,3,0,0,1,0,0,0,0,0,0,0,0,0,0,0,352,1,4411,0,1,0,1,1,0,0,0
natural language processing,4,0,0,1,0,0,0,0,0,0,0,0,0,0,0,375,10,14972,0,3,0,0,3,0,9,2
natural language processing,5,0,0,1,0,0,0,0,0,0,0,0,0,0,0,300,4,7772,1,3,0,0,2,1,0,1
natural language processing,6,0,0,1,0,0,0,0,0,0,0,0,0,0,0,602,0,15517,0,11,0,1,2,0,1,1
natural language processing,7,0,0,1,0,0,0,0,0,0,0,0,0,0,0,328,17,8786,0,1,0,0,2,0,0,2
natural language processing,8,0,0,1,0,0,0,0,0,0,0,0,0,0,0,320,3,9305,0,8,0,0,11,0,0,2
natural language processing,9,1,0,0,0,0,0,0,0,1,0,0,0,0,0,348,0,16019,0,0,0,0,8,1,4,1
natural language processing,10,0,0,1,0,0,0,0,0,1,0,0,0,0,0,836,2,3384,0,0,0,0,0,0,1,0
feedforward neural network ,1,1,0,0,0,1,0,1,0,0,0,0,0,0,0,402,2,7211,0,1,0,3,0,0,0,1
feedforward neural network ,2,0,0,1,0,0,0,0,0,0,0,0,0,0,0,650,0,11091,0,4,0,0,1,0,0,0
feedforward neural network ,3,1,0,0,0,0,0,1,0,0,0,0,0,1,0,1268,4,18865,2,2,0,7,0,0,1,1
feedforward neural network ,4,1,0,0,0,0,0,0,0,0,0,0,0,0,0,328,0,3574,0,1,0,0,0,0,0,0
feedforward neural network ,5,0,1,0,0,0,0,0,0,0,0,0,0,0,0,333,0,3537,0,0,1,0,0,0,0,0
feedforward neural network ,6,0,0,0,1,1,0,0,0,0,1,0,0,0,0,607,1,1494,0,1,0,0,1,0,0,0
feedforward neural network ,7,0,0,1,0,1,0,0,0,0,0,0,0,0,0,368,2,3938,0,6,0,0,0,0,0,1
feedforward neural network ,8,1,0,0,0,0,1,0,0,0,1,0,0,0,0,330,1,22339,0,15,7,5,2,0,0,2
feedforward neural network ,9,0,0,1,0,1,0,0,0,0,0,0,0,0,0,341,3,13878,0,0,2,1,8,0,0,2
feedforward neural network ,10,0,0,1,0,0,0,0,0,0,0,0,0,0,0,331,1,11761,1,5,0,0,3,1,0,1
knapsack problem ,1,1,0,1,0,0,0,1,0,0,0,0,0,0,0,336,0,0,0,0,0,0,0,0,0,0
knapsack problem ,2,1,0,0,0,1,0,1,0,0,1,0,0,0,0,521,19,21999,0,8,1,4,2,0,0,1
knapsack problem ,3,1,0,0,0,0,0,0,0,0,0,0,0,0,0,530,0,4575,0,0,0,0,1,0,0,0
knapsack problem ,4,0,0,1,0,0,0,0,0,0,0,0,0,0,0,341,1,7489,0,3,0,0,1,0,0,0
knapsack problem ,5,0,0,1,0,0,0,0,0,0,0,0,0,0,0,615,0,0,0,0,0,0,0,0,0,0
knapsack problem ,6,0,0,1,0,0,0,0,0,0,0,0,0,0,0,322,0,5128,0,2,0,0,1,0,0,1
knapsack problem ,7,0,0,0,1,0,0,0,0,0,0,0,0,0,0,307,0,0,0,0,0,0,0,0,0,0
knapsack problem ,8,0,1,0,0,0,0,0,0,0,0,0,0,0,0,339,0,1932,0,2,0,0,0,0,0,1
knapsack problem ,9,0,0,1,0,0,0,0,0,0,0,0,0,0,0,652,0,3284,0,1,2,0,1,0,0,0
error correction code ,1,1,0,0,0,0,0,1,0,0,0,0,0,0,0,377,0,19334,0,4,0,1,119,0,0,2
error correction code ,2,0,0,1,0,0,0,0,0,0,0,0,0,0,0,320,0,3696,0,1,0,0,23,0,0,1
error correction code ,3,0,0,0,1,0,0,0,0,0,0,0,0,0,0,227,0,698,0,0,0,0,2,0,0,0
error correction code ,4,0,0,1,0,0,1,0,0,0,0,0,0,0,0,318,0,8192,0,1,0,0,63,0,0,1
error correction code ,5,0,0,1,0,0,0,0,0,0,0,0,0,0,0,514,0,2155,0,0,0,0,2,0,0,0
error correction code ,6,0,0,1,0,1,0,0,0,0,0,0,0,0,0,281,0,2499,0,0,0,0,2,1,1,0
error correction code ,7,1,0,0,0,0,0,1,0,0,0,0,0,0,0,337,0,10094,0,10,0,0,30,0,0,2
error correction code ,8,0,0,1,0,0,0,0,0,0,0,0,0,0,0,303,0,4533,0,0,0,3,6,0,2,0
error correction code ,9,0,0,1,0,0,0,0,0,0,0,0,0,0,0,316,1,30234,0,17,1,3,164,0,1,2
error correction code ,10,0,0,0,1,0,0,0,0,0,0,0,0,0,0,319,0,10521,0,7,0,4,55,0,0,2
supervised learning ,1,1,0,0,0,1,0,1,0,0,0,0,0,0,0,356,10,12834,0,14,0,0,0,0,0,1
supervised learning ,2,0,0,1,0,0,0,0,0,0,0,0,0,0,0,301,8,9767,0,4,0,0,0,0,0,0
supervised learning ,3,0,0,1,0,0,0,0,0,0,0,0,0,0,0,487,7,6758,0,0,0,1,0,0,0,1
supervised learning ,4,0,0,1,0,0,0,0,0,0,0,0,0,0,0,316,21,9549,0,2,0,0,1,0,0,1
supervised learning ,5,0,0,0,1,0,0,0,0,0,0,0,0,0,0,587,0,485,0,0,0,0,0,0,0,0
supervised learning ,6,0,0,1,0,0,0,0,0,0,0,0,0,0,0,316,54,55624,0,29,0,1,3,1,8,2
supervised learning ,7,0,0,1,0,1,0,0,0,0,0,0,0,0,0,312,13,20815,0,10,2,5,3,0,1,1
supervised learning ,8,0,0,1,0,0,0,0,0,0,0,0,0,0,0,297,2,3505,1,1,0,0,0,0,0,0
supervised learning ,9,1,0,0,0,1,0,0,0,0,0,0,0,0,0,467,4,3527,0,3,0,0,1,0,0,1
supervised learning ,10,0,0,1,0,0,0,0,0,0,0,0,0,0,0,322,5,5298,0,2,1,0,1,0,0,0
computational complexity theory,1,1,0,0,0,0,0,1,0,0,1,0,0,0,0,373,5,30755,0,14,1,17,3,0,0,2
computational complexity theory,2,0,1,0,0,0,0,0,0,0,0,0,0,0,0,309,15,170794,0,22,98,24,5,0,4,1
computational complexity theory,3,1,0,1,0,0,0,0,0,0,0,0,0,0,0,921,0,1571,0,0,0,0,0,0,0,0
computational complexity theory,4,0,1,0,0,0,0,0,0,0,0,0,0,0,0,327,0,40678,0,2,2,6,14,0,1,2
computational complexity theory,5,0,0,0,1,0,0,0,1,0,0,0,0,0,0,323,0,6574,0,5,0,20,0,0,0,2
computational complexity theory,6,0,0,1,0,0,0,0,0,0,0,0,0,0,0,284,0,1879,0,1,0,1,1,0,0,1
computational complexity theory,7,0,0,0,1,0,0,0,0,0,0,0,0,0,0,602,2,2241,0,0,0,0,0,0,3,0
computational complexity theory,8,0,0,0,1,0,0,0,0,0,0,0,0,0,0,297,2,2376,0,0,0,0,0,0,0,0
computational complexity theory,9,1,0,0,0,0,0,1,0,0,0,0,0,0,0,322,0,9804,0,10,0,3,1,0,0,1
computational complexity theory,10,0,0,1,0,0,0,0,0,0,0,0,0,0,0,311,5,24337,1,5,8,3,1,0,1,0
linear programming ,1,1,0,0,0,0,0,1,0,0,0,0,0,0,0,525,28,26504,0,7,5,7,2,1,0,1
linear programming ,2,0,0,1,0,0,0,0,0,0,0,0,1,0,0,700,10,21273,0,9,8,5,2,0,0,2
linear programming ,3,1,0,0,0,0,0,1,0,0,0,0,0,0,0,318,12,51440,0,6,0,1,0,0,5,1
linear programming ,4,0,0,1,0,1,0,0,0,0,0,0,0,1,0,337,0,0,0,0,0,0,0,0,0,0
linear programming ,5,0,0,1,0,1,0,0,0,0,0,0,0,0,0,364,4,2878,0,0,0,0,0,0,0,0
linear programming ,6,0,0,1,0,0,0,0,0,0,0,0,0,0,0,308,10,38448,0,5,12,0,1,0,1,1
linear programming ,7,1,0,0,0,1,0,0,0,0,0,0,0,0,0,429,0,96,0,0,0,0,0,0,0,0
linear programming ,8,0,0,1,0,1,0,0,0,1,0,0,0,0,0,624,8,18423,0,6,0,8,0,0,0,0
artificial intelligence ,1,0,0,1,0,1,0,0,0,0,0,0,0,0,0,916,3,4014,0,3,0,0,0,0,0,1
artificial intelligence ,2,1,0,0,0,0,0,1,0,0,0,0,0,0,0,865,8,49870,0,17,0,1,0,1,8,2
artificial intelligence ,3,0,0,1,0,0,0,0,0,0,0,0,0,0,0,318,0,367,0,0,0,0,0,0,0,0
artificial intelligence ,4,0,0,1,0,1,0,0,0,0,0,0,0,0,0,1239,13,10913,0,3,0,0,1,0,1,1
artificial intelligence ,5,0,0,1,0,0,0,0,0,0,0,0,0,0,0,348,1,3749,0,0,0,0,0,0,1,0
artificial intelligence ,6,0,0,1,0,1,0,0,0,0,0,0,0,0,0,356,3,5854,0,2,0,0,0,0,0,0
artificial intelligence ,7,0,0,1,0,0,0,0,0,0,0,0,0,0,0,585,1,9881,0,0,0,1,0,0,9,0
artificial intelligence ,8,1,0,0,0,1,0,0,0,0,0,0,0,0,0,364,7,26266,0,9,0,0,2,0,1,1
artificial intelligence ,9,0,0,1,0,1,0,0,0,0,0,0,0,0,0,611,5,7055,1,3,0,0,0,1,2,1
artificial intelligence ,10,0,0,1,0,0,0,0,0,0,0,0,0,0,0,1328,6,19054,0,10,0,0,2,0,0,2
pattern recognition ,1,0,0,1,0,1,0,0,0,0,0,0,0,0,0,293,0,1700,0,1,0,1,0,0,0,0
pattern recognition ,2,0,0,1,0,0,0,0,0,0,0,0,0,0,0,1214,3,6368,0,0,0,0,0,2,0,0
pattern recognition ,3,0,0,1,0,0,0,0,0,0,0,0,0,0,0,338,6,41768,0,5,3,11,6,11,3,2
pattern recognition ,4,1,0,0,0,0,0,1,0,0,0,0,0,0,0,520,14,17727,0,16,0,1,1,0,0,2
pattern recognition ,5,1,0,0,0,0,0,0,0,0,0,0,0,0,0,323,0,775,0,0,0,0,1,0,0,0
pattern recognition ,6,0,0,1,0,0,0,0,0,0,0,0,0,0,0,389,0,819,0,0,0,0,0,0,0,0
pattern recognition ,7,0,0,0,1,0,0,0,0,0,1,0,0,0,0,335,11,6203,0,1,0,0,0,0,0,0
pattern recognition ,8,0,0,0,1,0,0,0,0,0,0,0,0,0,0,275,35,14876,0,8,0,0,1,4,0,1
pattern recognition ,9,0,0,1,0,0,0,0,0,0,0,0,0,0,0,923,0,14138,0,0,0,2,0,3,4,1
pattern recognition ,10,1,0,0,0,1,0,0,0,0,0,0,0,0,0,320,0,0,0,0,0,0,0,0,0,0
information theory ,1,1,0,0,0,1,0,1,0,0,0,0,0,0,0,377,15,22813,0,4,2,10,10,0,0,2
information theory ,2,0,0,1,0,0,0,0,0,0,1,0,0,0,0,663,0,0,0,0,0,0,0,0,0,1
information theory ,3,0,0,1,0,0,0,0,0,0,0,0,0,0,0,342,7,36153,0,11,2,4,12,0,2,2
information theory ,4,0,1,0,0,0,0,0,0,0,0,0,0,0,0,334,0,900,0,0,0,0,1,0,0,0
information theory ,5,0,0,1,0,1,0,0,0,0,0,0,0,0,0,868,9,7662,0,0,2,3,0,0,1,1
information theory ,6,1,0,0,0,0,0,0,0,0,0,0,0,0,0,964,0,480,0,0,0,0,0,0,0,0
information theory ,7,1,0,0,0,0,0,0,0,0,0,0,0,0,0,336,0,10324,0,3,3,0,7,0,0,2
information theory ,8,0,0,1,0,1,0,0,0,0,0,0,0,0,0,335,0,5760,0,1,0,0,7,1,1,0
information theory ,9,0,0,1,0,0,0,0,0,0,0,0,0,0,0,1024,0,8031,0,1,1,6,5,0,0,2
autoencoder,1,1,0,0,0,1,0,1,0,0,0,0,0,0,0,368,51,16609,0,8,2,0,84,0,0,2
autoencoder,2,0,0,0,1,1,0,0,0,0,0,0,0,0,0,802,32,15911,0,7,0,0,66,0,0,1
autoencoder,3,1,0,0,0,1,1,0,0,0,0,0,0,0,0,362,19,5265,0,11,0,0,32,0,0,2
autoencoder,4,0,0,0,1,1,0,0,0,0,0,0,0,0,0,409,23,13826,0,4,0,1,33,1,1,1
autoencoder,5,0,0,0,1,0,0,0,0,0,0,0,0,0,0,577,0,2906,0,0,0,0,1,0,0,0
autoencoder,6,0,0,1,0,0,0,0,0,0,0,0,0,0,0,636,7,5971,0,2,0,0,33,0,0,1
autoencoder,7,0,1,0,0,1,0,0,0,0,0,0,0,0,0,294,11,10057,0,13,0,0,12,0,0,2
autoencoder,8,0,0,1,0,1,0,0,0,0,0,0,0,0,0,289,62,16686,1,2,0,0,87,0,0,0
autoencoder,9,1,0,0,0,1,0,0,0,0,0,0,0,0,0,849,0,0,0,0,0,0,0,0,0,0
autoencoder,10,0,0,1,0,1,0,0,0,0,0,0,0,0,0,320,56,38930,0,29,0,3,187,0,3,2
robotics ,1,1,0,0,0,0,0,1,0,0,0,0,0,0,0,323,29,49030,0,16,1,0,0,2,0,1
robotics ,2,0,0,1,0,1,0,0,0,0,0,0,0,0,0,855,9,12912,0,6,0,2,0,2,0,1
robotics ,3,1,0,0,0,1,0,0,0,0,0,0,0,0,0,1107,16,9225,0,1,0,0,0,0,0,0
robotics ,4,0,0,1,0,1,0,0,0,0,0,0,0,0,0,1006,2,1444,0,0,0,0,0,0,0,0
robotics ,5,0,0,1,0,1,0,0,0,0,0,0,0,0,0,388,2,894,0,0,0,0,0,0,0,0
robotics ,6,0,0,1,0,1,0,0,0,0,0,0,0,0,0,287,6,5893,0,1,0,1,0,0,0,0
robotics ,7,1,0,0,0,0,0,0,0,0,0,0,0,0,0,295,0,1459,0,0,0,0,0,7,0,1
robotics ,8,1,0,0,0,1,0,0,0,0,0,0,0,0,0,329,2,1260,0,0,0,0,0,1,0,0
robotics ,9,0,0,1,0,0,0,0,0,0,0,0,0,0,0,369,0,1849,0,0,0,0,0,0,0,0
robotics ,10,0,0,0,1,0,0,0,0,0,0,0,0,0,0,239,5,13004,0,0,0,1,2,1,0,0
stochastic gradient descent,1,1,0,0,0,0,0,1,0,0,0,0,0,0,0,660,19,18566,0,8,2,1,3,0,0,0
stochastic gradient descent,2,1,0,0,0,1,0,1,0,0,0,0,0,0,0,259,1,3483,0,0,0,0,0,0,0,0
stochastic gradient descent,3,1,0,0,0,0,0,0,0,0,1,0,0,0,0,308,1,19038,0,13,4,0,3,0,0,2
stochastic gradient descent,4,0,0,1,0,0,0,0,0,0,0,0,0,0,0,1208,0,4292,0,1,0,2,1,0,0,0
stochastic gradient descent,5,0,0,0,1,0,0,0,0,0,0,0,0,0,0,883,0,44186,0,11,0,2,3,1,0,2
stochastic gradient descent,6,0,0,1,0,1,0,0,0,0,0,0,1,0,0,465,0,0,0,0,0,0,0,0,0,1
stochastic gradient descent,7,1,0,0,0,0,0,0,0,0,0,0,0,0,0,309,0,3817,0,2,0,0,2,0,0,0
stochastic gradient descent,8,0,0,1,0,0,0,0,0,0,0,0,0,0,0,310,13,27976,0,13,0,0,5,2,1,2
stochastic gradient descent,9,1,0,0,0,0,0,0,0,0,0,0,0,0,0,326,3,46747,0,1,0,0,1,0,0,1
stochastic gradient descent,10,0,0,0,1,0,0,0,0,0,0,0,0,0,0,321,1,1330,0,0,0,1,0,0,0,0
speech recognition,1,0,0,1,0,0,0,0,0,0,0,0,0,0,0,330,9,6261,0,0,0,0,0,1,0,0
speech recognition,2,0,0,1,0,1,0,0,0,0,0,0,0,0,0,319,10,3957,0,0,0,0,0,0,0,0
speech recognition,3,1,0,0,0,1,0,1,0,0,0,0,0,0,0,570,84,43131,0,4,2,1,4,3,8,1
speech recognition,4,0,0,1,0,0,0,0,0,0,0,0,0,0,0,299,12,5518,0,2,0,0,2,0,0,0
speech recognition,5,1,0,0,0,1,0,0,0,0,0,0,0,0,0,1170,2,19962,0,4,0,0,16,0,0,1
speech recognition,6,0,0,1,0,0,0,0,0,0,0,0,1,0,0,1184,7,2268,0,0,0,0,0,0,0,0
speech recognition,7,0,0,1,0,1,0,0,0,0,0,0,0,0,0,326,4,2427,0,1,0,0,0,0,0,0
speech recognition,8,1,0,0,0,0,0,0,0,0,0,0,0,0,0,369,11,4803,0,1,0,0,0,0,0,0
speech recognition,9,0,0,1,0,0,0,0,0,0,0,0,0,0,0,316,9,6112,0,0,0,0,0,0,0,0
speech recognition,10,1,0,1,0,0,0,0,0,0,0,0,0,0,0,396,4,7510,0,0,0,0,1,0,0,0
neural network ,1,0,0,1,0,0,0,0,0,0,0,0,0,0,0,490,0,304,0,0,0,0,0,0,0,0
neural network ,2,1,0,0,0,0,0,1,0,0,0,0,0,0,0,361,18,18877,0,10,0,1,0,1,0,1
neural network ,3,0,0,1,0,0,0,0,0,0,0,0,0,0,0,288,6,10440,0,4,2,0,1,0,0,1
neural network ,4,0,0,1,0,0,0,0,0,0,0,0,0,0,0,1235,2,3628,0,0,0,3,3,0,0,0
neural network ,5,0,0,1,0,1,0,0,0,0,0,0,0,0,0,311,0,7545,0,0,0,3,0,5,1,0
neural network ,6,0,0,1,0,0,0,0,0,0,0,0,0,0,0,347,0,10439,0,2,0,2,0,1,2,1
neural network ,7,0,1,0,0,0,0,0,0,0,0,0,0,0,0,626,0,10207,0,2,0,2,0,1,2,1
neural network ,8,0,0,1,0,0,0,0,0,0,0,0,0,0,0,1223,0,1242,0,0,0,0,0,0,7,0
neural network ,9,0,0,1,0,0,0,0,0,0,0,0,0,0,0,325,9,9236,0,7,0,1,5,0,0,0
travelling salesman problem ,1,1,0,0,0,0,0,1,0,0,0,0,0,0,0,403,4,35822,0,8,12,30,0,0,2,2
travelling salesman problem ,2,0,0,1,0,0,0,0,0,0,0,0,0,0,0,1240,0,6045,0,0,0,0,0,0,0,0
travelling salesman problem ,3,1,0,0,0,0,0,0,0,0,0,0,0,0,0,335,0,3602,0,1,0,3,1,0,0,0
travelling salesman problem ,4,1,0,0,0,0,0,0,0,0,0,0,0,0,0,338,0,13338,0,2,0,4,0,0,1,1
travelling salesman problem ,5,0,0,1,0,0,0,0,0,0,0,0,0,0,0,345,0,3616,0,0,0,1,0,0,0,0
travelling salesman problem ,6,0,0,1,0,0,0,0,0,0,0,0,0,0,0,1211,0,11805,0,2,1,4,0,0,0,1
travelling salesman problem ,7,0,0,1,0,0,1,0,0,0,0,0,0,0,0,328,0,5139,0,1,0,3,0,0,0,0
travelling salesman problem ,8,0,0,1,0,0,0,0,0,0,0,0,0,0,0,324,0,2092,0,0,0,3,0,0,0,0
travelling salesman problem ,9,0,0,1,0,0,0,0,0,0,0,0,0,1,0,316,0,751,0,1,0,2,0,0,0,0
travelling salesman problem ,10,0,0,0,1,0,0,0,0,0,1,0,0,0,0,331,4,5236,0,2,0,0,0,0,0,0
k-means clustering ,1,0,0,1,0,0,0,0,0,0,0,0,0,0,0,420,6,25424,0,12,1,2,4,0,1,2
k-means clustering ,2,1,0,0,0,1,0,1,0,0,0,0,0,0,0,503,10,21009,1,7,0,1,6,0,2,1
k-means clustering ,3,0,0,1,0,0,0,0,0,0,0,0,0,0,0,673,0,4189,0,2,0,0,10,0,0,0
k-means clustering ,4,1,0,0,0,0,0,0,0,0,0,0,0,0,0,404,0,7355,0,0,0,0,3,0,2,0
k-means clustering ,5,0,0,0,1,0,0,0,0,0,0,0,0,0,0,318,1,11608,0,8,0,1,3,0,3,1
k-means clustering ,6,0,0,0,1,0,1,0,1,0,0,0,0,0,0,535,3,13908,0,1,0,1,2,0,0,1
k-means clustering ,7,0,0,1,0,0,0,1,0,0,0,0,0,0,0,298,0,0,0,0,0,0,0,0,0,0
k-means clustering ,8,0,0,1,0,1,0,0,0,0,0,0,0,0,0,616,24,31203,0,14,0,0,26,2,3,2
k-means clustering ,9,0,0,1,0,1,0,0,0,0,0,0,0,0,0,524,1,29092,0,16,1,0,27,0,0,2
k-means clustering ,10,0,0,1,0,0,0,0,0,0,0,0,0,0,0,328,1,10012,1,0,2,4,13,0,0,1
quantum algorithm ,1,1,0,0,0,1,0,1,0,0,0,0,0,0,0,371,8,16690,0,1,6,4,0,0,0,1
quantum algorithm ,2,0,0,1,0,0,0,0,0,0,0,0,0,0,0,302,4,2434,0,2,0,0,0,0,0,0
quantum algorithm ,3,1,0,0,0,0,0,0,0,0,0,0,0,0,0,307,0,865,0,0,0,0,0,0,1,0
quantum algorithm ,4,0,1,0,0,0,0,0,0,0,0,0,0,0,0,323,19,109654,0,32,5,9,98,0,5,2
quantum algorithm ,5,0,0,1,0,0,0,0,0,0,0,0,0,0,0,618,23,56931,0,12,13,20,3,0,0,2
quantum algorithm ,6,1,0,0,0,1,0,0,0,0,0,0,0,0,0,600,1,655,0,0,0,0,0,0,0,0
quantum algorithm ,7,0,0,0,1,0,0,0,0,0,0,0,0,0,0,288,0,1604,0,1,0,0,0,0,0,0
quantum algorithm ,8,1,0,1,0,0,0,0,0,0,0,0,0,0,0,278,0,0,0,0,0,0,0,0,0,0
quantum algorithm ,9,1,0,1,0,0,0,0,0,0,0,0,1,0,0,313,0,0,0,0,0,0,0,0,0,0
quantum algorithm ,10,1,0,0,0,1,0,0,0,0,0,0,0,0,0,326,0,102,0,0,0,0,0,0,0,0
gradient descent ,1,1,0,0,0,1,0,1,0,0,0,0,0,0,0,854,15,18182,0,5,2,1,0,0,0,1
gradient descent ,2,0,0,1,0,0,0,0,0,0,0,0,0,0,0,336,23,9532,0,7,1,1,0,0,0,0
gradient descent ,3,0,0,0,1,0,0,0,0,0,0,0,0,0,0,332,2,2865,0,0,0,2,0,0,0,0
gradient descent ,4,0,0,0,1,1,0,0,0,0,0,0,0,0,0,875,16,44186,0,11,0,2,3,1,0,1
gradient descent ,5,0,0,1,0,0,0,0,0,0,0,0,0,0,0,679,3,9465,0,5,4,5,1,2,0,0
gradient descent ,6,0,0,1,0,0,0,0,0,0,0,0,0,0,0,336,11,5546,0,4,2,0,0,0,0,0
gradient descent ,7,0,0,1,0,0,0,0,0,0,0,0,0,0,0,319,0,0,0,0,0,0,0,0,0,0
convex optimization,1,0,0,1,0,0,0,1,0,0,0,0,0,0,0,672,0,0,0,0,0,0,0,0,0,0
convex optimization,2,1,0,0,0,0,0,1,0,0,0,0,0,0,0,339,15,8949,0,1,2,0,0,0,0,0
convex optimization,3,0,1,0,0,0,0,0,0,0,0,0,0,0,0,311,0,0,0,0,0,0,0,0,0,0
convex optimization,4,0,0,1,0,0,0,0,0,0,0,0,0,0,0,311,4,4679,0,1,0,3,0,0,0,0
convex optimization,5,1,0,0,0,1,0,0,0,1,0,0,0,0,0,295,4,3926,0,0,0,1,0,0,3,0
convex optimization,6,0,0,0,1,1,0,0,0,0,0,0,0,0,0,327,0,523,0,0,0,0,1,0,0,0
convex optimization,7,0,1,0,0,0,0,0,0,0,0,1,0,0,0,316,0,0,0,0,0,0,0,0,0,0
convex optimization,8,0,0,1,0,0,0,0,0,1,0,1,0,0,0,308,0,0,0,0,0,0,0,0,0,0
statistical classification,1,1,0,0,0,0,0,0,0,0,1,0,0,0,0,308,0,2624,0,1,0,0,0,0,0,0
statistical classification,2,1,0,0,0,0,0,1,0,0,1,0,0,0,0,852,1,8262,0,3,0,0,0,0,0,0
statistical classification,3,0,0,0,1,1,0,0,0,0,1,0,0,0,1,298,0,0,0,0,0,0,0,0,0,0
statistical classification,4,0,0,1,0,1,0,0,0,0,1,0,0,0,0,317,12,38693,0,12,0,6,1,0,5,1
statistical classification,5,1,0,0,0,0,0,0,0,0,1,0,0,0,0,1138,3,1927,0,0,0,1,0,0,0,0
computational complexity ,1,1,0,0,0,1,0,1,0,0,0,0,0,0,0,364,2,16498,0,5,1,3,1,0,1,1
computational complexity ,2,0,1,0,0,0,0,0,0,0,0,0,0,0,0,336,19,170794,0,22,98,24,5,0,4,2
computational complexity ,3,0,0,1,0,1,0,0,0,0,0,0,0,0,0,320,0,1879,0,1,0,1,1,0,0,0
computational complexity ,4,0,1,0,0,0,0,0,0,0,0,0,0,0,0,337,0,40678,0,2,2,6,14,0,1,1
computational complexity ,5,0,0,1,0,0,0,0,0,0,0,0,1,0,0,308,0,0,0,0,0,0,0,0,0,0
computational complexity ,6,0,0,1,0,1,0,0,0,0,0,0,0,0,0,619,5,2740,0,0,0,0,0,0,0,0
computational complexity ,7,0,0,0,1,1,0,0,0,0,0,0,0,0,0,835,3,16633,0,10,1,9,7,0,4,1
computational complexity ,8,0,0,1,0,1,0,0,0,0,0,0,0,0,0,283,0,2114,0,0,0,1,0,0,0,0
computational complexity ,9,0,0,1,0,0,0,0,0,0,0,0,0,0,0,322,0,12561,0,5,0,3,6,0,0,1
computational complexity ,10,0,0,1,0,0,0,0,0,0,0,0,0,0,0,324,0,253,0,0,0,0,0,0,0,0
apache spark ,1,1,0,0,0,0,0,0,0,0,0,0,0,0,0,764,0,410,0,0,0,0,0,0,0,0
apache spark ,2,1,0,0,0,0,0,1,0,0,0,0,0,0,0,880,0,1173,0,0,0,0,0,0,0,0
apache spark ,3,1,0,0,0,0,0,1,0,0,0,0,0,0,0,328,0,9549,0,1,0,7,2,0,0,0
apache spark ,4,0,0,1,0,0,0,0,0,0,0,0,0,0,0,302,0,13410,0,2,0,8,9,0,2,1
apache spark ,5,0,0,1,0,0,0,0,0,0,0,0,0,0,0,284,0,4272,0,0,0,3,0,0,1,0
apache spark ,6,0,0,1,0,0,0,0,0,0,0,0,0,0,0,323,0,12800,0,0,0,6,5,0,0,1
apache spark ,7,0,0,1,0,0,0,0,0,0,0,0,0,0,0,286,0,3530,0,0,0,0,1,0,0,0
apache spark ,8,0,0,1,0,0,0,0,0,0,0,0,0,0,0,871,0,2968,0,9,0,2,0,0,0,0
apache spark ,9,0,0,1,0,0,1,0,0,0,0,0,0,0,0,1215,0,26607,0,6,0,3,7,0,6,1
apache spark ,10,0,0,1,0,0,0,0,0,0,0,0,0,0,0,335,0,29924,0,9,1,21,2,0,0,1
low-density parity-check code ,1,1,0,0,0,0,0,1,1,0,0,0,0,0,0,953,0,15468,0,10,0,13,142,0,0,2
low-density parity-check code ,2,1,0,0,0,0,0,0,0,0,0,0,0,0,0,339,0,311,0,0,0,0,0,0,0,0
low-density parity-check code ,3,0,0,1,0,0,1,0,0,0,0,0,0,0,0,322,0,2588,0,1,0,4,17,0,0,0
low-density parity-check code ,4,0,1,0,0,0,0,0,0,0,1,1,0,0,0,1290,0,0,0,0,0,0,0,0,0,0
low-density parity-check code ,5,0,0,0,1,0,0,0,1,0,0,0,0,0,0,302,0,41,0,0,0,0,0,0,0,0
low-density parity-check code ,6,0,0,0,1,0,0,0,0,0,0,0,0,0,0,594,0,95,0,0,0,0,1,0,0,0
low-density parity-check code ,7,0,1,1,0,0,0,0,1,0,0,0,0,0,0,322,0,0,0,0,0,0,0,0,0,0
low-density parity-check code ,8,0,0,1,0,0,0,0,0,0,0,0,0,0,0,339,0,3786,0,0,0,2,8,4,0,0
low-density parity-check code ,9,0,1,0,0,0,1,0,0,0,0,0,0,1,0,328,0,521,0,0,0,0,0,0,0,0
low-density parity-check code ,10,1,0,0,0,0,0,0,0,0,0,0,0,0,0,276,0,728,0,0,0,0,0,0,0,0
feature learning ,1,1,0,0,0,1,0,1,0,0,0,0,0,0,0,378,8,12862,0,3,1,1,9,1,0,1
feature learning ,2,0,0,1,0,0,0,0,0,0,0,0,0,0,0,835,0,2472,0,0,0,0,0,0,0,0
feature learning ,3,0,0,1,0,1,0,0,0,0,0,0,0,0,0,528,0,50,0,0,0,0,0,0,0,0
feature learning ,4,0,1,0,0,0,1,0,0,0,0,0,0,0,0,338,4,8083,0,15,0,0,0,0,0,0
feature learning ,5,0,0,1,0,1,0,0,0,0,0,0,0,0,0,274,3,2762,0,0,0,0,0,0,1,0
feature learning ,6,0,0,1,0,0,0,0,0,0,0,0,0,0,0,368,0,1658,0,0,0,0,0,0,0,0
feature learning ,7,0,0,1,0,0,0,0,0,0,0,0,0,0,0,274,1,63401,1,11,0,4,39,1,14,2
feature learning ,8,1,0,0,0,0,0,0,0,0,0,0,0,0,0,533,0,728,0,0,0,0,0,0,0,0
feature learning ,9,0,0,1,0,0,0,0,0,0,0,0,0,0,0,672,1,4749,0,4,0,0,7,0,0,0
feature learning ,10,0,0,1,0,1,0,0,0,0,0,0,0,0,0,903,2,1668,0,1,0,0,0,0,0,0
object detection ,1,0,0,0,1,1,0,0,0,0,0,0,1,0,0,278,32,13588,0,4,0,0,9,7,1,1
object detection ,2,0,0,1,0,0,0,0,0,0,1,0,0,0,0,315,17,34871,0,9,0,3,12,5,8,2
object detection ,3,1,0,0,0,0,0,1,0,0,0,0,0,0,0,377,3,1842,0,3,0,0,0,4,0,0
object detection ,4,0,0,1,0,0,0,0,0,0,1,0,0,0,0,395,1,7632,0,3,0,0,2,0,0,0
object detection ,5,0,0,1,0,0,0,0,0,0,0,0,0,0,0,961,0,836,0,0,0,3,0,0,0,0
object detection ,6,0,0,1,0,0,1,0,0,0,0,0,0,0,0,346,15,8732,0,1,0,0,10,0,2,0
object detection ,7,1,0,0,0,1,0,0,0,0,0,0,1,0,0,392,5,7894,0,18,0,0,4,1,0,0
object detection ,8,0,0,1,0,0,1,0,0,0,0,0,0,0,0,349,0,0,0,0,0,0,0,0,0,0
object detection ,9,0,0,1,0,1,1,0,0,0,1,0,0,0,0,863,70,152058,0,56,0,2,91,34,27,2
object detection ,10,0,0,1,0,0,0,0,0,0,0,0,0,0,0,224,0,6135,0,0,0,0,3,0,0,0
dimensionality reduction ,1,1,0,0,0,0,0,1,0,0,0,0,0,0,0,397,6,8978,0,2,0,1,3,1,0,0
dimensionality reduction ,2,0,0,1,0,0,1,0,0,0,0,0,0,0,0,664,14,13131,0,5,0,0,17,0,4,1
dimensionality reduction ,3,0,0,1,0,1,0,0,0,0,0,0,0,0,0,970,7,6374,0,3,0,0,3,0,0,0
dimensionality reduction ,4,0,0,1,0,0,0,0,0,0,0,0,0,0,0,737,11,22528,0,4,0,4,2,0,0,1
dimensionality reduction ,5,1,0,0,0,1,0,0,0,0,0,0,0,0,0,336,3,3686,0,1,0,0,1,0,0,0
dimensionality reduction ,6,1,0,1,0,0,0,0,0,0,0,0,0,0,0,652,9,72361,0,12,1,7,41,0,0,2
dimensionality reduction ,7,0,0,1,0,1,0,0,0,0,0,0,0,0,0,571,4,9232,0,4,0,0,0,0,1,0
dimensionality reduction ,8,0,0,1,0,0,0,0,0,0,0,0,0,0,0,341,0,1210,0,0,0,0,0,0,0,0
dimensionality reduction ,9,0,0,1,0,0,0,0,0,0,0,0,0,0,0,342,3,7505,0,2,0,1,0,0,0,0
dimensionality reduction ,10,0,0,0,1,0,0,0,0,0,0,0,0,0,0,323,13,15602,0,0,0,0,7,0,0,1
bellman equation ,1,1,0,0,0,0,0,1,0,0,0,0,0,0,0,385,0,15868,0,8,0,0,0,0,1,1
bellman equation ,2,0,0,1,0,0,0,0,0,0,0,0,0,0,0,560,0,12446,2,6,5,0,1,0,2,1
bellman equation ,3,0,0,1,0,0,0,0,0,0,0,0,0,0,0,323,0,12256,0,3,0,1,1,0,0,1
bellman equation ,4,0,0,1,0,0,0,0,0,0,0,0,0,0,0,389,0,1602,0,2,0,0,0,0,0,0
combinatorial optimization ,1,1,0,0,0,0,0,1,0,0,0,0,0,0,0,397,6,5819,0,3,0,2,0,0,0,0
combinatorial optimization ,2,0,1,0,0,0,0,0,0,0,0,0,0,0,0,307,0,0,0,0,0,0,0,0,0,1
combinatorial optimization ,3,0,1,0,0,0,0,0,1,1,0,1,0,0,0,1045,0,2292,0,0,0,0,0,0,0,0
combinatorial optimization ,4,1,0,0,0,0,0,1,0,0,0,0,0,0,0,343,2,13721,0,0,2,22,1,0,0,1
combinatorial optimization ,5,0,0,1,0,0,0,0,0,0,0,0,0,0,0,342,11,25195,0,7,4,17,4,0,3,1
combinatorial optimization ,6,0,0,1,0,0,0,0,0,0,0,0,0,0,0,310,1,5442,0,0,0,3,0,0,7,0
combinatorial optimization ,7,0,0,1,0,0,0,0,0,0,0,0,0,0,0,386,2,3188,0,0,0,0,0,0,1,0
combinatorial optimization ,8,0,1,0,0,0,0,0,0,1,1,1,0,0,0,920,0,7270,0,0,0,0,1,0,0,0
combinatorial optimization ,9,0,0,1,0,0,0,0,0,0,0,0,0,0,0,683,5,12412,0,0,2,0,2,0,0,1
combinatorial optimization ,10,1,0,0,0,0,0,0,0,0,0,0,0,0,0,365,10,40530,0,0,0,8,0,0,0,1
cryptography ,1,1,0,0,0,0,0,1,0,0,0,0,0,1,0,748,42,47890,0,17,0,117,7,0,1,2
cryptography ,2,0,0,1,0,0,0,0,0,0,0,0,0,1,0,304,3,3863,0,0,0,5,2,0,0,0
cryptography ,3,1,0,0,0,0,0,0,0,1,0,0,0,1,0,325,3,7129,0,2,0,10,0,2,0,0
cryptography ,4,0,0,1,0,0,0,0,0,0,0,0,0,1,0,1305,11,8659,0,1,0,22,1,0,0,0
cryptography ,5,0,0,1,0,0,0,0,0,0,0,0,0,1,0,333,2,6293,0,1,0,11,0,0,1,0
cryptography ,6,0,0,1,0,0,0,0,0,0,0,0,0,1,0,336,8,4684,0,0,0,15,2,1,0,0
cryptography ,7,0,0,1,0,1,0,0,0,0,0,0,0,1,0,340,8,11129,0,4,0,17,2,0,0,1
cryptography ,8,0,0,1,0,0,0,0,0,0,0,0,0,0,0,330,0,234,0,0,0,0,0,0,0,0
cryptography ,9,0,0,0,1,1,0,0,0,0,0,0,0,1,0,772,6,1688,0,1,0,13,1,0,0,0
cryptography ,10,0,0,1,0,0,0,0,0,0,0,0,0,1,0,318,0,4782,0,1,0,1,1,0,0,0
robot,1,1,0,0,0,1,0,1,0,0,0,0,0,0,0,733,287,58140,0,8,2,0,4,0,5,1
robot,2,0,0,1,0,1,0,0,0,0,0,0,0,0,0,603,25,6180,0,0,0,0,0,0,0,0
robot,3,0,0,1,0,1,0,0,0,0,0,0,0,0,0,280,2,200,0,0,0,0,0,0,0,0
robot,4,0,0,1,0,1,0,0,0,0,0,0,0,0,0,304,4,5068,0,0,0,0,0,0,1,0
robot,5,0,0,1,0,1,0,0,0,0,0,0,0,0,0,346,3,2933,0,0,0,0,0,0,0,0
robot,6,0,0,1,0,1,0,0,0,0,0,0,0,0,0,1055,1,1783,0,0,0,0,0,0,0,0
robot,7,0,0,1,0,1,0,0,0,1,0,0,0,0,0,1075,0,0,0,0,0,0,0,0,0,0
robot,8,0,0,1,0,1,0,0,0,0,0,0,0,0,0,300,0,80,0,0,0,0,0,0,0,0
robot,9,0,0,1,0,1,0,0,0,0,0,0,0,0,0,305,0,0,0,0,0,0,0,0,0,0
robot,10,0,0,1,0,1,0,0,0,0,0,0,0,1,0,1236,37,21316,0,0,0,0,0,0,0,0
unsupervised learning ,1,0,0,1,0,0,0,0,0,0,0,0,0,0,0,450,0,0,0,0,0,0,0,0,0,0
unsupervised learning ,2,0,0,1,0,0,0,0,0,0,1,0,0,0,0,342,13,8470,0,5,0,0,0,0,0,0
unsupervised learning ,3,1,0,0,0,0,0,1,0,0,0,0,0,0,0,392,7,8189,1,7,1,1,0,0,0,0
unsupervised learning ,4,0,0,1,0,0,0,0,0,0,0,0,0,0,0,417,4,9246,1,3,1,0,1,0,0,0
unsupervised learning ,5,0,0,1,0,0,0,0,0,0,0,0,0,0,0,643,5,12315,0,4,0,1,1,0,0,1
unsupervised learning ,6,0,0,1,0,0,0,0,0,0,0,0,0,0,0,336,1,5775,0,4,0,0,0,0,0,0
unsupervised learning ,7,0,1,0,0,1,0,0,0,0,0,0,0,0,0,328,2,3394,0,0,0,0,0,0,0,0
unsupervised learning ,8,0,0,1,0,0,0,0,0,0,0,0,0,0,0,307,22,55539,0,29,0,1,3,1,8,2
unsupervised learning ,9,0,0,1,0,1,0,0,0,0,0,0,0,0,0,326,8,3666,1,0,0,0,0,0,0,0
unsupervised learning ,10,1,0,0,0,0,0,0,0,0,0,0,0,0,0,494,0,3527,0,3,0,0,1,0,0,0
numerical analysis ,1,1,0,0,0,0,0,1,0,0,0,0,0,0,0,627,0,0,0,0,0,0,0,0,0,0
numerical analysis ,2,1,0,0,0,1,0,1,0,0,0,0,0,0,0,384,5,17962,0,4,8,0,3,0,2,1
numerical analysis ,3,0,0,1,0,1,0,0,0,0,0,0,0,0,0,532,10,5725,0,1,1,3,0,0,0,0
numerical analysis ,4,1,0,0,0,0,0,0,0,0,0,0,0,0,0,552,7,10627,0,4,2,0,0,0,0,0
numerical analysis ,5,0,1,0,0,0,0,0,1,1,0,0,0,0,0,400,0,2565,0,0,0,0,0,0,0,0
numerical analysis ,6,0,0,1,0,0,0,0,0,1,0,0,0,0,0,308,0,0,0,0,0,0,0,0,0,0
numerical analysis ,7,0,1,0,0,0,0,0,0,0,0,0,0,0,0,792,0,1474,0,0,0,0,1,0,0,0
numerical analysis ,8,0,0,1,0,1,0,0,0,0,0,0,0,0,0,344,10,31032,0,5,2,5,5,3,3,1
numerical analysis ,9,0,0,1,0,0,0,0,0,0,0,0,0,0,0,328,2,1994,0,0,0,0,0,1,0,0
numerical analysis ,10,1,0,1,0,0,1,0,0,0,0,0,0,0,0,590,0,25,0,0,0,0,0,0,0,0
bellman equation ,5,0,0,1,0,0,0,0,0,0,0,0,0,0,0,602,2,3536,1,1,1,0,0,0,0,0
bellman equation ,6,0,0,1,0,0,0,0,0,0,0,0,0,0,0,348,0,30191,0,12,4,2,0,0,2,1
numerical analysis ,1,0,0,1,0,0,0,0,0,0,1,1,0,1,0,1097,18,9463,32,24,16,40,3,29,0,0
numerical analysis ,2,1,0,0,1,0,0,0,0,0,1,1,0,1,1,821,42,1638,26,25,31,25,10,24,2,0
numerical analysis ,3,1,0,0,0,0,0,1,1,1,0,0,0,0,0,665,12,1244,71,53,40,37,5,8,5,0
numerical analysis ,4,0,0,0,0,0,0,0,0,0,0,1,0,1,0,854,15,3086,0,7,1,5,0,8,29,0
numerical analysis ,5,0,0,1,0,0,0,0,1,1,0,0,0,0,0,213,8,6535,8,0,28,0,0,0,30,0
numerical analysis ,6,0,1,0,0,0,1,0,1,1,0,0,0,0,0,1268,2,7222,0,15,8,0,6,0,25,0
numerical analysis ,7,0,0,0,0,0,0,0,0,0,1,1,0,0,1,763,13,3718,1,0,10,0,24,0,14,0
numerical analysis ,8,0,0,1,0,0,0,0,0,0,1,0,0,0,0,423,2,0,0,0,0,1,0,0,2,0
numerical analysis ,9,1,0,1,0,0,0,1,0,0,0,1,0,1,0,454,16,9357,20,0,18,4,18,6,34,0
numerical analysis ,10,0,0,0,0,0,0,0,0,0,1,1,0,1,0,254,4,5375,0,0,4,0,7,0,0,0
genetic algorithm ,1,0,0,0,0,0,0,0,1,1,0,1,1,0,0,590,0,1714,9,0,5,0,0,0,0,0
genetic algorithm ,2,1,0,0,1,0,0,0,0,0,0,1,1,0,0,325,0,786,1,4,2,2,2,3,0,0
genetic algorithm ,3,1,0,0,0,0,0,1,1,1,1,1,1,0,0,1273,0,5093,7,0,17,15,0,3,5,0
genetic algorithm ,4,0,0,0,0,0,0,0,0,0,1,1,1,0,0,688,0,6319,2,0,0,6,10,0,0,0
genetic algorithm ,5,1,0,0,1,0,0,0,1,1,0,1,1,0,0,315,0,952,0,0,0,0,0,0,7,0
genetic algorithm ,6,0,0,0,0,0,0,0,0,0,0,1,1,0,0,727,0,4291,2,0,0,5,0,4,9,0
genetic algorithm ,7,1,0,0,0,1,0,0,0,1,0,1,1,0,0,1048,0,4934,9,0,0,7,0,0,0,0
genetic algorithm ,8,1,0,0,1,0,0,0,1,1,1,1,1,0,0,682,0,3733,7,7,7,0,0,10,0,0
genetic algorithm ,9,1,0,0,0,0,0,1,0,0,0,1,1,0,0,1224,0,6466,9,0,8,5,0,0,12,0
genetic algorithm ,10,0,0,0,0,0,0,0,1,1,1,1,1,0,0,540,0,4004,0,0,2,16,8,0,7,0
splitting method,1,1,0,0,0,0,0,1,0,0,0,1,1,0,0,818,53,14519,0,0,0,9,11,14,2,1
splitting method,2,1,0,0,1,0,0,0,1,1,0,0,0,0,0,651,139,3147,17,0,0,13,0,12,5,0
splitting method,3,1,0,0,0,1,0,0,1,1,1,0,0,0,0,269,2,35001,0,0,15,8,7,13,10,2
splitting method,4,1,0,0,1,0,0,0,1,1,0,0,0,0,0,1206,19,1943,0,8,0,0,0,4,0,0
splitting method,5,1,0,0,1,0,0,0,1,1,0,0,0,0,0,594,27,6036,4,0,0,0,0,0,4,0
splitting method,6,0,1,0,0,0,0,1,1,1,0,0,0,0,0,1199,0,0,0,2,0,0,2,0,0,0
splitting method,7,1,0,0,0,0,0,1,0,1,0,0,0,0,0,807,13,4204,0,0,0,9,0,0,8,0
splitting method,8,1,0,0,0,0,0,1,0,0,0,0,0,0,0,368,3,6595,0,0,0,0,8,0,0,0
splitting method,9,0,0,0,0,0,0,0,0,0,0,0,0,0,0,1094,0,8682,5,5,0,0,1,0,2,0
splitting method,10,0,0,0,0,0,0,0,1,1,0,0,0,0,0,398,40,1898,3,1,0,2,0,0,0,0
splitting method,1,0,1,0,0,0,0,1,1,1,0,0,0,0,0,1051,0,2240,0,0,0,0,0,2,4,0
splitting method,2,1,0,0,1,0,0,0,1,1,0,0,0,0,0,762,49,32562,15,0,0,0,5,19,6,2
splitting method,3,0,0,0,0,0,0,0,1,1,0,0,0,0,0,832,32,34622,0,6,0,0,5,8,6,2
splitting method,4,1,0,0,0,1,0,0,1,1,1,0,0,0,0,781,2,4592,8,9,0,0,0,0,2,0
splitting method,5,1,0,0,0,0,0,1,1,1,0,0,0,0,0,758,6,39591,0,0,8,0,10,15,15,2
splitting method,6,1,0,0,0,0,0,1,0,0,0,0,0,0,0,1178,42,1874,0,0,0,0,0,2,4,0
splitting method,7,1,0,0,0,1,0,0,0,0,0,0,0,0,0,1160,0,537,0,4,0,0,0,0,0,0
splitting method,8,1,0,0,1,0,0,0,0,0,0,0,0,0,0,1058,152,49239,3,0,23,0,1,32,12,2
splitting method,9,1,0,0,0,0,0,1,1,0,0,0,0,0,0,1235,20,2185,4,0,0,0,0,9,0,0
splitting method,10,0,0,0,0,0,0,0,1,1,0,0,0,0,0,246,0,3280,0,4,0,0,0,0,2,0
coding theory,1,1,0,0,0,0,0,1,1,0,1,1,1,0,0,886,15,5842,0,0,0,1,5,0,0,0
coding theory,2,1,0,0,1,0,0,0,1,0,1,1,1,1,0,815,29,4500,0,0,0,1,0,0,0,0
coding theory,3,1,0,0,0,0,0,1,1,1,0,1,1,0,0,611,1,902,0,0,9,0,0,0,0,0
coding theory,4,0,0,1,0,0,0,0,0,1,0,0,0,0,0,1024,18,0,0,0,0,0,0,0,0,0
coding theory,5,0,0,0,0,0,0,1,1,1,0,0,0,0,0,227,8,2784,0,0,0,0,4,0,0,0
coding theory,6,1,0,0,0,1,0,0,1,1,0,0,0,0,0,1229,2,31977,1,0,14,9,1,1,1,2
coding theory,7,0,0,0,0,0,0,0,1,0,1,1,1,0,0,1045,10,3766,0,0,1,0,0,0,0,0
coding theory,8,0,0,1,0,0,0,0,1,1,0,0,0,0,0,572,9,668,0,0,3,0,4,0,5,0
coding theory,9,1,0,0,0,0,0,1,1,1,1,0,0,0,0,227,21,4713,0,2,0,0,5,4,0,0
coding theory,10,1,0,0,0,0,0,1,1,1,0,0,0,0,0,947,20,4188,0,4,4,0,4,6,0,0
coding theory,1,1,0,0,1,0,0,0,1,0,1,1,1,1,0,396,5,754,0,0,0,0,0,0,3,0
coding theory,2,1,0,1,0,0,0,1,1,1,0,0,0,0,0,854,0,19564,0,3,0,5,2,17,4,1
coding theory,3,1,0,0,1,0,0,0,0,0,0,1,0,1,0,667,7,1190,0,0,3,0,0,1,2,0
coding theory,4,1,0,0,0,0,1,0,1,1,0,1,0,1,0,403,27,3924,7,2,0,0,0,6,0,0
coding theory,5,0,0,1,0,0,0,0,1,1,0,0,0,0,0,424,11,4064,0,2,2,4,2,4,1,0
coding theory,6,1,0,0,0,0,0,1,1,0,1,1,1,0,0,702,3,4976,2,1,2,1,0,4,0,0
coding theory,7,0,0,1,0,0,0,0,1,1,0,0,0,0,0,1294,0,8229,0,1,7,2,0,1,0,0
coding theory,8,1,0,0,1,0,0,0,1,1,0,0,0,0,0,356,9,31643,0,2,1,18,12,4,4,2
coding theory,9,0,0,1,0,0,0,0,0,0,1,0,0,0,0,693,3,14783,11,0,0,2,7,18,10,2
coding theory,10,1,0,0,0,1,0,0,1,1,0,0,0,0,0,1175,5,6967,0,0,0,1,1,0,6,0
public-key cryptography,1,1,0,0,0,0,0,1,0,0,1,1,1,0,0,538,4,3522,9,3,6,6,6,4,1,0
public-key cryptography,2,1,0,0,0,1,0,0,0,0,0,1,1,0,0,992,5,3524,0,0,0,0,0,1,0,0
public-key cryptography,3,1,0,0,1,0,0,0,0,0,0,1,1,0,0,326,1,5014,8,0,1,0,5,0,11,0
public-key cryptography,4,1,0,0,0,0,0,1,0,0,0,1,1,0,0,242,2,243,0,3,0,1,0,1,0,2
public-key cryptography,5,1,0,0,1,0,0,0,0,0,0,1,1,0,0,497,9,38425,8,2,1,2,5,0,0,2
public-key cryptography,6,1,0,0,1,0,0,0,0,0,0,1,1,0,0,779,12,7287,0,7,4,0,8,0,0,0
public-key cryptography,7,0,0,0,0,0,0,0,0,0,0,1,1,0,0,947,2,12176,0,1,2,1,3,7,4,1
public-key cryptography,8,1,0,0,0,0,0,1,0,0,0,1,1,0,0,521,4,884,1,0,9,3,9,3,0,0
public-key cryptography,9,0,1,0,0,0,1,0,0,0,0,1,1,0,0,1032,2,5452,4,0,8,1,0,0,9,0
public-key cryptography,10,0,1,0,0,1,0,0,0,0,0,1,1,0,0,264,11,5687,2,3,1,1,4,0,6,0
public-key cryptography,1,1,0,0,0,0,0,1,1,1,0,0,0,0,0,817,1,8246,0,8,1,0,6,1,1,0
public-key cryptography,2,1,0,0,0,1,0,0,1,1,0,0,0,0,0,753,0,10815,0,0,0,0,4,0,3,1
public-key cryptography,3,1,0,0,1,0,0,0,1,1,0,0,0,0,0,497,0,41271,1,11,2,0,10,3,3,2
public-key cryptography,4,0,0,0,0,0,0,0,1,1,1,0,0,0,0,577,0,3541,0,2,0,4,0,22,0,0
public-key cryptography,5,0,0,1,0,0,0,0,0,0,1,1,0,1,0,1248,0,15556,0,0,0,0,4,6,6,1
public-key cryptography,6,0,0,0,0,0,0,0,0,0,0,1,0,1,0,1105,2,2112,0,8,0,0,3,8,16,0
public-key cryptography,7,0,0,0,0,0,0,0,1,1,0,0,0,0,0,362,1,9088,7,6,0,1,2,1,0,0
public-key cryptography,8,1,0,1,0,0,0,1,0,0,0,0,0,0,0,356,1,1697,0,6,2,0,7,10,0,0
public-key cryptography,9,1,0,0,0,0,0,1,0,0,0,0,0,0,0,666,1,35,0,0,0,0,0,0,0,0
public-key cryptography,10,1,0,0,1,0,0,0,0,0,1,1,0,1,0,510,0,3359,1,0,0,0,0,0,3,0
hyperparameter optimization,1,1,0,0,0,1,0,0,0,0,1,1,1,0,0,965,0,32445,0,14,23,6,4,17,8,2
hyperparameter optimization,2,1,0,0,0,0,0,1,0,0,0,1,1,0,0,424,0,34279,76,2,2,0,5,13,4,2
hyperparameter optimization,3,1,0,0,0,1,0,0,1,1,1,0,0,0,0,354,1,6339,0,0,0,10,9,0,4,0
hyperparameter optimization,4,1,0,0,0,1,0,0,1,1,1,0,0,0,0,362,3,45687,0,14,53,0,6,10,3,2
hyperparameter optimization,5,1,0,0,0,1,0,0,0,0,1,1,1,0,0,1064,10,3799,0,1,6,0,9,2,0,0
hyperparameter optimization,6,1,0,0,0,1,0,0,0,0,1,1,1,0,0,748,0,465,0,0,0,0,1,0,1,0
hyperparameter optimization,7,1,0,0,0,0,0,1,0,0,0,1,1,0,0,873,1,47207,0,6,21,2,3,6,7,2
hyperparameter optimization,8,1,0,0,0,1,0,0,0,0,1,1,1,0,0,419,10,3147,4,1,1,0,0,0,0,0
hyperparameter optimization,9,1,0,0,0,0,0,1,1,1,0,0,0,0,0,787,4,1983,3,1,0,0,0,5,0,0
hyperparameter optimization,10,0,0,0,0,0,0,0,0,0,0,1,1,0,0,1055,0,0,1,0,0,0,0,2,3,0
hyperparameter optimization,1,1,0,0,0,1,0,0,1,1,0,0,0,0,0,425,17,5049,9,7,1,0,1,4,0,0
hyperparameter optimization,2,1,0,0,0,1,0,0,1,1,1,0,0,0,0,779,3,36318,23,0,12,4,5,9,13,2
hyperparameter optimization,3,1,0,0,0,0,0,1,1,1,1,0,0,0,0,776,0,30503,10,58,0,11,14,17,11,2
hyperparameter optimization,4,1,0,0,0,1,0,0,1,1,1,0,0,0,0,1147,2,7455,0,0,1,4,6,1,14,0
hyperparameter optimization,5,1,0,0,0,1,0,0,1,1,1,0,0,0,0,732,2,788,2,0,0,0,0,0,0,0
hyperparameter optimization,6,1,0,0,0,1,0,0,1,1,0,0,0,0,0,219,0,19370,0,0,0,10,10,7,0,1
hyperparameter optimization,7,1,0,0,0,0,0,1,1,1,0,0,0,0,0,813,4,0,0,0,0,0,3,0,2,0
hyperparameter optimization,8,0,1,0,0,0,1,0,1,1,0,0,0,0,0,366,0,3671,0,0,7,10,3,3,0,0
hyperparameter optimization,9,1,0,0,0,0,0,1,0,0,0,0,0,0,0,638,0,5348,0,4,9,3,7,9,8,0
hyperparameter optimization,10,0,1,0,0,0,1,0,1,1,0,0,0,0,0,1201,1,8174,13,0,1,0,0,10,3,0
content-based image retrieval,1,1,0,0,1,0,0,0,0,0,1,1,1,0,0,202,2,420,3,0,0,0,0,0,0,0
content-based image retrieval,2,1,0,0,0,0,0,1,1,1,0,1,1,0,0,602,1,10558,0,12,0,0,13,6,5,1
content-based image retrieval,3,1,0,0,0,1,0,0,1,0,1,1,1,0,0,656,3,919,2,0,0,3,0,0,0,0
content-based image retrieval,4,1,0,0,0,0,0,1,0,0,0,1,1,0,0,405,1,528,4,0,0,0,3,0,0,0
content-based image retrieval,5,0,0,0,0,0,0,1,1,1,1,1,1,0,0,529,0,3499,0,2,0,3,0,3,0,0
content-based image retrieval,6,1,0,0,0,1,0,0,0,0,1,1,1,0,0,691,19,3907,1,0,3,0,0,5,0,0
content-based image retrieval,7,1,0,0,1,0,0,0,0,0,1,1,1,0,0,463,0,4702,0,0,0,2,0,1,0,0
content-based image retrieval,8,0,0,0,0,0,0,0,0,0,0,1,1,0,0,685,1,2262,0,0,1,0,0,0,0,0
content-based image retrieval,9,1,0,0,0,0,0,1,1,1,0,1,1,0,0,1231,0,23658,0,12,0,23,3,6,3,1
content-based image retrieval,10,1,0,0,0,0,0,1,0,0,1,1,1,0,0,226,0,40033,43,21,4,7,5,0,2,2
content-based image retrieval,1,1,0,0,0,1,0,0,1,1,0,1,0,1,0,914,0,7301,0,0,0,0,2,7,6,0
content-based image retrieval,2,0,0,0,0,0,0,0,1,0,0,0,0,0,0,844,0,940,0,0,0,0,0,3,0,0
content-based image retrieval,3,1,0,0,0,0,0,1,1,0,1,0,0,0,0,412,0,33230,1,66,0,3,17,11,0,2
content-based image retrieval,4,0,0,0,0,0,0,0,1,1,0,0,0,0,0,1000,0,1245,1,6,0,1,0,1,0,0
content-based image retrieval,5,1,0,0,1,0,0,0,1,0,1,0,0,0,0,1107,0,0,0,0,0,2,0,0,0,0
content-based image retrieval,6,1,0,0,0,0,0,1,0,0,1,1,0,0,1,203,0,5651,0,0,9,8,0,3,0,0
content-based image retrieval,7,1,0,0,1,0,0,0,1,1,0,0,0,0,0,945,0,904,3,0,3,3,0,3,0,0
content-based image retrieval,8,1,0,0,0,0,0,1,0,0,0,0,0,0,0,1025,0,9131,1,1,6,9,3,0,1,0
content-based image retrieval,9,1,0,0,0,0,0,1,1,1,0,0,0,0,0,797,0,33761,8,1,0,0,2,0,11,1
content-based image retrieval,10,1,0,0,1,0,0,0,1,1,0,0,0,0,0,455,0,4473,0,5,0,0,0,1,3,0
compressed sensing,1,1,0,0,0,1,0,0,1,1,0,1,1,0,0,1174,0,39028,11,14,9,3,7,17,14,2
compressed sensing,2,0,0,0,0,0,0,0,1,0,1,1,1,0,0,1292,1,9173,1,7,3,2,0,0,0,0
compressed sensing,3,0,1,0,0,1,0,0,0,0,1,1,1,0,0,1080,0,1002,0,1,0,0,3,0,3,0
compressed sensing,4,0,0,0,0,0,0,0,1,0,1,1,1,0,0,1049,10,2347,0,5,0,1,0,1,0,0
compressed sensing,5,0,0,0,0,0,0,0,1,1,0,1,1,0,0,365,8,44360,7,0,1,0,3,4,3,2
compressed sensing,6,0,0,0,0,0,0,0,1,1,1,1,1,0,0,1155,7,41296,0,0,2,0,4,0,5,2
compressed sensing,7,0,0,0,0,0,0,0,1,0,1,1,1,0,0,372,21,46199,16,10,6,2,10,6,9,0
compressed sensing,8,0,0,0,0,0,0,0,1,1,0,1,1,0,0,1202,0,1684,6,1,5,0,0,1,5,0
compressed sensing,9,1,0,0,0,0,0,1,0,0,1,1,1,0,0,492,54,3650,4,7,4,0,5,0,0,0
compressed sensing,10,0,0,0,0,0,0,0,1,0,1,1,1,0,0,495,13,5298,0,0,1,4,0,1,0,0
compressed sensing,1,1,0,0,0,1,0,0,1,1,1,1,0,1,0,724,2,3490,1,1,0,8,0,0,0,0
compressed sensing,2,1,0,0,1,0,0,0,1,0,0,0,0,0,0,1245,4,9671,5,0,1,0,6,0,3,0
compressed sensing,3,1,0,0,0,0,0,1,1,1,0,0,0,0,0,566,5,8992,0,1,8,5,5,2,2,0
compressed sensing,4,0,0,0,0,0,0,0,1,1,0,1,0,1,0,729,5,1400,4,0,0,0,0,1,0,0
compressed sensing,5,1,0,0,0,1,0,0,1,1,1,0,0,0,0,1153,15,11548,11,0,2,2,7,8,4,1
compressed sensing,6,1,0,0,0,0,0,1,0,0,0,1,0,1,0,785,0,24,0,0,0,0,0,0,0,0
compressed sensing,7,1,0,0,0,1,0,0,1,1,0,0,0,0,0,888,0,47946,3,0,58,1,10,1,0,2
compressed sensing,8,1,0,0,0,1,0,0,1,1,0,0,0,0,0,1098,0,3213,3,7,0,1,2,4,0,0
compressed sensing,9,1,0,0,1,0,0,0,1,1,0,0,0,0,0,1258,0,29816,0,8,4,4,3,4,17,1
compressed sensing,10,0,0,1,0,0,0,0,1,1,0,0,0,0,0,767,2,4781,7,0,2,1,0,0,0,0
convolutional code,1,1,0,0,0,1,0,0,0,0,1,1,1,0,0,219,2,8288,0,0,6,0,7,0,1,0
convolutional code,2,1,0,0,1,0,0,0,0,0,0,1,1,0,0,1206,0,37802,7,1,0,0,13,2,9,2
convolutional code,3,1,0,0,0,1,0,0,0,0,0,1,1,0,0,849,5,8372,9,1,0,0,8,0,0,0
convolutional code,4,1,0,0,0,1,0,0,0,0,1,1,1,0,0,853,28,9618,0,5,7,0,0,1,1,0
convolutional code,5,1,0,0,0,1,0,0,0,0,1,0,0,0,0,544,10,3577,3,2,0,3,0,0,0,0
convolutional code,6,1,0,0,0,0,0,1,1,1,0,0,0,0,0,294,12,1483,0,0,0,1,2,2,0,0
convolutional code,7,0,1,0,0,0,1,0,0,0,0,1,1,0,0,702,0,18671,4,54,7,0,16,6,3,1
convolutional code,8,1,0,0,0,1,0,0,0,0,1,1,1,0,0,1256,4,16636,58,63,1,0,1,3,9,1
convolutional code,9,0,0,0,0,0,0,0,0,0,1,1,1,0,0,914,10,7930,7,0,0,0,0,9,3,0
convolutional code,10,0,1,0,0,0,1,0,0,0,1,1,1,0,0,1056,0,9584,4,0,0,0,0,0,6,0
convolutional code,1,1,0,0,1,0,0,0,0,0,0,1,0,1,0,659,8,878,3,0,1,0,0,0,0,0
convolutional code,2,1,0,0,0,0,0,1,0,0,1,1,0,1,0,895,3,4120,4,1,0,0,3,0,1,0
convolutional code,3,1,0,0,0,1,0,0,0,0,1,0,0,0,0,704,8,1797,0,0,0,2,0,0,3,0
convolutional code,4,1,0,0,0,1,0,0,0,0,0,0,0,0,0,323,0,45815,0,2,6,0,10,13,9,2
convolutional code,5,0,0,0,0,0,0,0,0,0,0,0,0,0,0,545,13,1722,0,4,0,2,8,3,0,0
convolutional code,6,1,0,0,1,0,0,0,0,0,1,1,0,1,0,1185,1,989,3,0,0,3,0,0,0,0
convolutional code,7,1,0,0,0,0,1,0,1,0,0,1,0,1,0,976,3,32002,10,0,53,24,3,12,0,2
convolutional code,8,1,0,0,0,1,0,0,1,0,0,0,0,0,0,727,1,43052,4,14,1,0,9,8,17,2
convolutional code,9,1,0,0,0,0,0,1,1,0,1,0,0,0,0,561,7,9217,0,1,0,0,0,1,1,0
convolutional code,10,1,0,1,0,1,0,0,0,0,0,0,0,0,0,664,5,41144,61,3,8,0,4,3,7,2
optical character recognition,1,1,0,0,0,1,0,0,1,1,0,1,1,0,0,831,6,28773,0,1,0,2,0,11,1,1
optical character recognition,2,1,0,0,1,0,0,0,1,1,1,1,1,0,0,1219,0,1188,1,0,2,4,3,2,1,0
optical character recognition,3,0,0,0,0,0,0,0,1,0,0,1,1,0,0,569,3,1163,0,1,0,0,3,3,0,0
optical character recognition,4,1,0,0,0,0,0,1,1,1,0,1,1,0,0,1072,6,1032,0,0,0,0,0,0,0,0
optical character recognition,5,1,0,0,0,0,0,1,0,0,1,1,1,0,0,1285,14,2754,9,0,0,0,1,3,0,0
optical character recognition,6,1,0,0,0,1,0,0,1,1,0,1,1,0,0,515,0,4263,0,5,0,0,0,3,1,0
optical character recognition,7,1,0,0,1,0,0,0,0,0,0,1,1,0,0,895,0,21546,2,12,0,66,7,7,3,1
optical character recognition,8,0,0,0,0,0,0,0,1,1,0,1,1,0,0,894,11,2146,3,0,8,0,9,4,0,0
optical character recognition,9,1,0,0,0,0,1,0,1,0,1,1,1,0,0,592,35,6493,3,0,1,1,2,0,0,0
optical character recognition,10,1,0,0,0,0,0,1,1,1,0,0,0,0,0,815,0,3045,0,1,0,2,0,2,4,0
cloud computing,1,1,0,0,0,0,0,1,1,0,1,1,1,0,0,1278,0,31832,0,0,47,2,0,10,0,2
cloud computing,2,0,0,0,0,0,0,0,1,1,0,1,1,0,0,725,15,312,1,0,0,0,0,0,0,0
cloud computing,3,1,0,0,1,0,0,0,1,0,1,1,1,0,0,806,0,13499,1,0,11,6,14,12,3,1
cloud computing,4,0,0,0,0,0,0,0,1,0,1,1,1,0,0,930,7,3042,0,0,6,0,0,0,4,0
cloud computing,5,1,0,0,0,1,0,0,1,0,1,1,1,0,0,227,0,1056,0,0,0,0,4,0,0,0
cloud computing,6,1,0,0,0,0,0,1,1,0,0,1,1,0,0,443,9,1534,0,0,0,0,0,0,0,0
cloud computing,7,0,0,0,0,0,0,0,1,1,0,1,1,0,0,507,0,9249,0,1,1,5,3,11,2,1
cloud computing,8,1,0,0,0,1,0,0,1,1,1,1,1,0,0,255,0,3373,8,21,1,2,1,6,5,0
cloud computing,9,1,0,0,1,0,0,0,1,1,0,1,1,0,0,830,0,3665,0,3,3,5,0,0,0,0
cloud computing,10,0,0,0,0,0,0,0,1,1,0,1,1,0,0,1067,0,2644,3,0,0,0,0,0,1,0
cloud computing,1,0,1,0,0,0,0,1,1,1,0,1,0,1,0,662,51,1906,0,0,0,0,7,0,3,0
cloud computing,2,1,0,0,0,1,0,0,1,0,1,0,0,0,0,688,32,7567,1,8,0,3,0,1,4,0
cloud computing,3,1,0,0,1,0,0,0,1,0,1,0,0,0,0,948,19,609,3,0,0,1,0,0,0,0
cloud computing,4,0,0,0,0,0,0,0,1,1,0,0,0,0,0,679,23,8974,1,8,0,0,3,0,0,1
cloud computing,5,1,0,0,0,0,0,1,1,1,0,0,0,0,0,614,0,2818,3,0,0,6,0,3,0,0
cloud computing,6,0,0,0,0,0,0,0,1,1,1,1,0,1,0,682,7,33733,1,1,0,38,10,9,6,2
cloud computing,7,0,0,0,0,0,0,0,0,0,1,1,0,1,0,537,11,43615,0,0,0,47,12,10,0,2
cloud computing,8,0,0,0,0,0,0,0,0,0,1,1,1,1,0,258,62,75,0,0,0,0,0,0,0,0
cloud computing,9,1,0,0,0,0,0,1,0,0,1,1,0,1,0,1243,0,20416,1,63,0,2,3,14,6,1
cloud computing,10,0,0,0,0,0,0,0,1,1,1,1,0,1,0,1285,56,28333,0,1,0,8,11,17,3,1
fast fourier transform,1,0,0,0,0,0,0,0,1,1,0,1,1,0,0,959,29,42689,5,0,53,4,0,9,16,2
fast fourier transform,2,1,0,0,0,1,0,0,1,1,0,0,0,0,0,459,9,3997,3,2,0,0,2,3,0,0
fast fourier transform,3,1,0,0,0,1,0,0,1,1,0,0,0,0,0,1077,16,7107,2,0,1,1,1,0,0,0
fast fourier transform,4,1,0,0,0,1,0,0,1,1,0,0,0,0,0,704,2,1946,0,0,3,1,0,0,0,0
fast fourier transform,5,0,0,0,0,0,0,0,1,1,1,0,0,0,0,1001,2,2200,1,0,0,0,0,0,0,0
fast fourier transform,6,0,1,0,0,0,0,1,0,0,0,1,1,0,0,725,6,919,1,1,0,0,0,0,1,0
fast fourier transform,7,0,0,0,0,0,0,0,1,1,0,0,0,0,0,400,0,1621,3,3,0,5,3,0,0,0
fast fourier transform,8,1,0,0,1,0,0,0,0,0,0,1,1,0,0,412,2,34231,0,0,39,2,0,8,13,2
fast fourier transform,9,1,0,0,1,0,0,0,1,1,0,0,0,0,0,1082,0,2762,0,0,9,1,4,6,6,0
fast fourier transform,10,0,0,0,0,0,0,0,1,1,0,0,0,0,0,1090,5,8222,0,1,14,1,0,4,17,0
fast fourier transform,1,1,0,0,0,0,0,1,1,0,1,1,0,1,1,999,19,0,0,0,0,0,0,2,0,0
fast fourier transform,2,1,0,0,1,0,0,0,1,0,1,1,0,1,0,396,1,3072,6,0,8,0,0,13,4,0
fast fourier transform,3,0,0,0,0,0,0,0,0,0,0,1,0,1,0,512,1,3825,4,1,9,0,0,1,3,0
fast fourier transform,4,0,0,1,0,0,0,0,1,1,0,0,0,0,0,455,0,6783,7,0,0,7,7,4,0,0
fast fourier transform,5,0,0,0,0,0,0,0,1,1,0,0,0,0,0,870,0,3585,0,0,0,0,1,1,0,0
fast fourier transform,6,0,0,0,0,0,0,0,1,1,0,0,0,0,0,376,0,0,0,0,0,0,0,0,0,0
fast fourier transform,7,1,0,0,1,0,0,0,1,1,1,1,0,1,0,1163,0,9437,7,1,0,3,1,0,1,1
fast fourier transform,8,1,0,0,1,0,0,0,1,1,0,0,0,0,0,1251,13,443,0,0,0,0,0,0,0,0
fast fourier transform,9,1,0,0,0,0,0,1,1,1,0,0,0,0,0,211,3,3206,0,0,2,7,1,1,0,0
fast fourier transform,10,0,0,0,0,0,0,0,1,0,1,0,0,0,0,961,1,29931,0,23,11,3,5,0,0,1
multi-objective optimization,1,1,0,0,0,0,0,1,1,1,0,1,1,0,0,1056,9,7127,0,0,8,9,7,0,0,0
multi-objective optimization,2,0,1,0,0,0,0,1,1,0,1,1,1,0,0,286,10,2236,8,0,0,0,3,0,4,0
multi-objective optimization,3,1,0,0,0,1,0,0,1,1,1,1,1,0,0,1224,84,6679,0,0,0,4,16,12,6,0
multi-objective optimization,4,1,0,0,0,0,0,1,1,1,1,1,1,0,0,588,12,47700,0,22,22,13,3,6,3,2
multi-objective optimization,5,1,0,0,0,1,0,0,1,0,1,1,1,0,0,909,2,4780,10,17,14,4,14,22,0,0
multi-objective optimization,6,0,0,0,0,0,0,0,0,0,1,1,1,0,0,372,7,546,58,11,7,47,5,0,5,0
multi-objective optimization,7,0,0,0,0,0,0,0,1,0,1,1,1,0,0,798,4,31496,6,0,17,2,1,3,6,2
multi-objective optimization,8,1,0,0,0,0,0,1,1,1,0,1,1,0,0,1041,11,8134,0,4,4,0,1,0,1,0
multi-objective optimization,9,0,0,0,0,0,0,0,0,0,1,1,1,0,0,286,9,46290,16,3,1,16,7,8,7,2
multi-objective optimization,10,0,0,0,0,0,0,0,1,0,1,1,1,0,0,976,4,23353,7,0,3,1,3,12,4,1
multi-objective optimization,1,1,0,0,0,0,0,1,1,1,1,1,0,1,0,201,0,2458,0,0,0,0,0,0,0,0
multi-objective optimization,2,1,0,0,0,0,1,0,1,1,1,1,0,1,1,493,18,6355,1,0,1,0,9,0,0,0
multi-objective optimization,3,1,0,0,1,0,0,0,1,1,0,0,0,0,0,343,6,32558,39,7,0,58,13,0,9,2
multi-objective optimization,4,0,0,0,0,0,0,0,1,1,0,1,0,1,0,1083,2,1375,1,3,0,0,3,0,0,0
multi-objective optimization,5,0,0,0,0,0,0,0,1,1,0,1,0,1,0,1224,0,1525,6,0,0,0,1,1,8,0
multi-objective optimization,6,1,0,0,0,1,0,0,1,1,1,1,1,0,0,699,0,2865,0,0,6,0,0,0,9,0
multi-objective optimization,7,1,0,0,0,1,0,0,1,1,0,0,0,0,0,1036,0,2060,6,0,5,0,0,0,4,0
multi-objective optimization,8,0,0,0,0,0,0,0,1,1,0,0,0,0,0,732,0,17498,1,9,2,39,14,11,17,1
multi-objective optimization,9,1,0,0,0,0,0,1,1,1,0,1,1,0,0,938,9,4928,1,6,0,0,3,0,0,0
multi-objective optimization,10,1,0,0,0,0,0,1,1,0,1,0,0,0,0,418,4,8102,0,0,7,1,8,12,14,0
parallel computing,1,1,0,0,1,0,0,0,1,1,0,1,1,0,0,394,0,8922,1,0,0,3,1,4,0,0
parallel computing,2,1,0,0,0,0,1,0,0,0,0,1,1,0,0,340,0,3359,0,3,0,3,3,3,6,0
parallel computing,3,0,0,0,0,0,0,0,0,0,0,1,1,0,0,804,0,28358,61,0,0,0,10,13,10,1
parallel computing,4,0,0,0,0,0,0,0,0,0,0,1,1,0,0,1146,0,5640,0,6,3,0,3,0,3,0
parallel computing,5,0,1,0,0,1,0,0,1,1,0,1,1,0,0,745,0,2871,0,3,0,0,0,0,0,0
parallel computing,6,0,0,0,0,0,0,0,1,1,0,1,1,0,0,650,0,4576,0,1,0,0,1,1,0,0
parallel computing,7,0,0,1,0,0,0,0,1,1,0,0,0,0,0,819,0,4679,0,7,7,0,1,3,0,0
parallel computing,8,1,0,0,1,0,0,0,1,1,1,1,1,0,0,1211,0,4449,0,0,0,0,2,0,4,0
parallel computing,9,1,0,0,0,1,0,0,0,0,1,1,1,0,0,1179,4,22299,3,21,66,0,13,10,0,1
parallel computing,10,1,0,0,0,0,0,1,0,0,1,1,1,0,0,640,6,12813,16,1,2,43,17,10,5,1
parallel computing,1,0,0,1,0,0,0,0,1,1,1,1,0,1,0,706,10,3875,9,9,0,7,1,0,0,0
parallel computing,2,0,0,0,0,0,0,0,1,1,0,1,0,1,0,487,0,2599,2,0,0,3,0,0,0,0
parallel computing,3,0,0,1,0,0,0,0,1,1,0,0,0,0,0,603,0,26873,0,4,2,0,8,0,7,1
parallel computing,4,0,0,0,0,0,0,0,0,0,0,1,0,1,0,994,1,6544,0,0,8,0,0,1,0,0
parallel computing,5,0,0,0,0,0,0,0,1,1,1,1,0,1,0,629,3,5763,0,8,0,3,0,0,3,0
parallel computing,6,1,0,0,1,0,0,0,1,1,1,1,0,1,0,1156,0,2364,3,1,0,1,1,1,0,0
parallel computing,7,0,0,1,0,0,0,0,0,0,0,0,0,0,0,1215,24,5943,0,0,7,3,1,9,3,0
parallel computing,8,1,0,0,1,0,0,0,1,1,0,1,0,1,0,717,1,19692,0,10,0,61,14,11,14,1
parallel computing,9,1,0,0,0,1,0,0,1,0,1,0,0,0,0,1255,1,1543,4,0,0,0,0,0,0,0
parallel computing,10,1,0,0,1,0,0,0,0,0,0,1,0,1,0,353,8,44612,8,0,0,43,2,0,0,2
iterative method,1,1,0,0,0,0,0,1,0,0,0,1,1,0,0,686,4,31370,30,0,0,0,4,3,3,2
iterative method,2,1,0,0,0,0,0,1,1,0,0,1,1,0,0,746,0,240,0,0,1,0,1,0,0,0
iterative method,3,1,0,0,1,0,0,0,0,0,0,1,1,0,0,640,19,6303,0,9,0,1,0,4,2,0
iterative method,4,0,0,1,0,0,0,0,1,0,0,1,1,0,0,1124,23,5157,6,7,0,7,0,0,7,0
iterative method,5,0,0,0,0,0,0,0,0,0,1,1,1,0,0,1151,1,151,0,0,1,0,0,0,0,0
iterative method,6,1,0,0,1,0,0,0,0,0,1,1,1,0,0,462,0,2671,2,0,0,0,0,0,0,0
iterative method,7,0,0,0,0,0,0,0,1,0,0,1,1,0,0,377,0,1574,0,0,4,0,0,0,3,0
iterative method,8,1,0,0,0,1,0,0,0,0,0,1,1,0,0,1103,0,7717,0,9,3,1,6,0,0,0
iterative method,9,0,0,0,0,0,0,0,0,0,0,1,1,0,0,1044,0,8638,2,0,10,0,0,0,1,1
iterative method,10,1,0,0,0,0,0,1,0,0,0,1,1,0,0,353,15,95,0,0,0,1,0,0,1,0
iterative method,1,0,1,0,0,1,0,0,0,0,1,1,0,1,0,330,23,7220,0,9,0,3,0,0,0,0
iterative method,2,0,0,0,0,0,0,0,0,0,1,1,0,1,0,212,2,1190,0,0,2,0,0,1,0,0
iterative method,3,1,0,0,1,0,0,0,1,1,0,0,0,0,0,1093,16,18619,14,39,6,1,4,10,3,1
iterative method,4,1,0,0,1,0,0,0,1,1,0,0,0,0,0,351,3,1220,0,6,0,0,0,0,0,0
iterative method,5,1,0,0,0,0,0,1,1,1,0,0,0,0,0,1105,11,1680,0,0,2,3,0,3,0,0
iterative method,6,1,0,0,1,0,0,0,0,0,0,1,0,1,0,966,0,13297,11,4,0,1,16,4,1,1
iterative method,7,1,0,1,1,0,0,0,1,0,0,0,0,0,0,783,0,2059,0,0,1,7,0,0,0,0
iterative method,8,0,0,0,0,0,0,0,0,0,0,0,0,0,0,963,15,7713,4,1,1,1,0,0,1,0
iterative method,9,1,0,0,1,0,0,0,1,0,0,0,0,0,0,396,0,9035,6,0,0,0,1,0,3,1
iterative method,10,1,0,0,0,0,0,1,0,0,0,1,0,1,0,1016,4,2533,0,0,0,2,3,1,1,0
linear code,1,1,0,0,0,0,0,1,1,0,1,0,0,0,0,571,4,8576,0,7,0,0,1,1,0,0
linear code,2,1,0,0,0,1,0,0,0,0,1,1,1,0,0,1212,0,2431,1,1,2,0,3,0,1,0
linear code,3,1,0,0,0,1,0,0,0,0,0,1,1,0,0,248,0,1263,0,0,0,0,1,0,0,0
linear code,4,0,1,0,0,0,1,0,0,1,0,1,1,0,0,720,0,3634,0,3,0,1,3,0,0,0
linear code,5,1,0,0,1,0,0,0,0,0,1,1,1,0,0,665,0,307,0,0,0,0,1,0,0,0
linear code,6,0,0,0,0,0,0,0,0,0,0,1,1,0,0,1047,1,5012,0,0,6,0,0,0,0,0
linear code,7,1,0,0,0,1,0,0,0,0,0,1,1,0,0,1033,0,2275,1,0,0,0,0,0,0,0
linear code,8,1,0,0,1,0,0,0,0,0,0,1,1,0,0,380,12,42396,2,1,21,3,3,0,13,2
linear code,9,1,0,0,1,0,0,0,0,0,0,1,1,0,0,262,3,8737,8,0,0,6,8,13,0,1
linear code,10,1,0,0,0,1,0,0,0,0,1,1,1,0,0,352,2,18316,6,5,5,0,14,0,11,1
q-learning,1,1,0,0,1,0,0,0,0,0,1,1,1,0,0,334,19,21780,1,3,0,10,2,10,0,1
q-learning,2,1,0,0,0,1,0,0,1,1,0,0,0,0,0,1113,0,7001,10,10,9,0,10,0,13,0
q-learning,3,1,0,0,0,0,0,1,1,1,0,0,0,0,0,866,0,1367,1,0,0,3,1,1,0,0
q-learning,4,1,0,0,0,0,0,1,0,0,1,1,1,0,0,823,0,9183,0,0,0,0,4,1,3,1
q-learning,5,0,1,0,0,1,0,0,0,0,1,1,1,1,0,363,5,4734,3,1,0,0,9,8,7,0
q-learning,6,1,0,0,0,1,0,0,0,0,1,1,1,0,0,562,3,1743,1,3,3,2,2,5,4,0
q-learning,7,1,0,0,1,0,0,0,1,1,0,0,0,0,0,900,0,0,0,0,0,0,0,2,3,0
q-learning,8,1,0,0,0,0,0,1,1,1,0,0,0,0,0,1166,0,2947,1,0,0,5,0,0,1,0
q-learning,9,1,0,0,0,1,0,0,1,1,0,0,0,0,0,1117,0,7005,0,0,8,4,9,0,7,0
q-learning,10,1,0,0,0,0,0,1,1,1,0,0,0,0,0,880,0,49182,3,0,4,1,3,0,3,2
q-learning,1,1,0,0,0,0,0,1,1,0,1,1,0,1,0,209,0,21092,0,63,17,11,2,1,13,1
q-learning,2,1,0,0,0,0,0,1,0,0,1,1,0,1,0,1019,0,4218,6,0,3,1,1,0,0,0
q-learning,3,1,0,0,0,1,0,0,1,1,0,0,0,0,0,1182,0,8514,4,1,0,4,0,0,0,0
q-learning,4,0,1,0,0,1,0,0,0,0,1,1,1,1,0,484,0,4655,7,0,0,0,9,1,0,0
q-learning,5,0,1,0,0,1,0,0,0,0,0,1,0,1,0,861,0,2413,7,0,3,0,0,0,0,0
q-learning,6,1,0,0,0,1,0,0,0,0,0,1,0,1,0,818,0,2802,0,6,3,7,0,3,4,0
q-learning,7,1,0,0,0,1,0,0,1,1,0,0,0,0,0,780,0,20692,63,0,0,0,3,2,1,1
q-learning,8,0,0,0,0,0,0,0,1,1,0,0,0,0,0,952,0,15507,0,61,0,47,0,11,14,1
q-learning,9,1,0,0,0,1,0,0,1,1,0,0,0,0,0,593,0,7477,0,7,8,3,1,6,0,0
q-learning,10,1,0,0,0,0,0,1,1,1,0,0,0,0,0,403,0,5480,0,0,2,0,1,0,7,0
scale-invariant feature transform,1,1,0,0,0,1,0,0,0,0,0,0,0,0,0,977,0,25877,0,0,0,10,7,10,2,1
scale-invariant feature transform,2,0,0,0,0,0,0,0,0,0,0,0,0,0,0,598,0,3791,0,1,6,1,0,17,0,0
scale-invariant feature transform,3,1,0,0,0,0,0,1,0,0,1,0,0,0,0,801,0,3480,0,8,3,3,1,0,0,0
scale-invariant feature transform,4,1,0,0,0,0,1,0,0,0,0,0,0,0,0,677,0,0,0,0,2,0,2,0,0,0
scale-invariant feature transform,5,0,0,0,0,0,0,0,0,0,0,0,0,0,0,517,0,6657,3,8,2,1,1,5,6,0
scale-invariant feature transform,6,1,0,1,0,0,0,1,0,0,1,1,1,0,0,1132,0,8330,0,0,0,9,1,9,0,0
scale-invariant feature transform,7,1,0,0,0,0,0,1,0,0,0,0,0,0,0,908,0,2353,4,0,5,0,3,0,0,0
scale-invariant feature transform,8,1,0,0,0,0,0,1,1,1,0,0,0,0,0,1085,0,8613,0,1,0,7,0,1,0,0
scale-invariant feature transform,9,0,0,0,0,0,0,0,0,0,0,0,0,0,0,711,0,20336,0,11,4,21,17,3,7,1
scale-invariant feature transform,10,0,0,0,0,0,0,0,0,0,0,0,0,0,0,595,8,48261,43,0,0,1,5,3,0,2
scale-invariant feature transform,1,1,0,0,0,0,0,1,0,0,0,0,0,0,0,342,0,3957,0,0,1,3,1,3,9,0
scale-invariant feature transform,2,1,0,0,0,0,0,1,1,1,0,0,0,0,0,751,0,8554,5,6,0,0,1,11,1,0
scale-invariant feature transform,3,0,0,0,0,0,0,0,0,0,0,0,0,0,0,570,4,0,1,0,0,0,3,2,0,0
scale-invariant feature transform,4,1,0,0,0,0,0,1,0,0,1,0,0,0,0,417,3,985,0,0,0,0,0,0,0,0
scale-invariant feature transform,5,0,0,0,0,0,0,0,1,0,0,0,0,0,0,812,0,442,0,0,1,0,0,0,1,0
scale-invariant feature transform,6,0,0,0,0,0,0,0,0,0,0,0,0,0,0,804,1,3631,7,1,8,0,0,0,0,0
scale-invariant feature transform,7,1,0,0,0,0,1,0,0,0,0,0,0,0,0,1152,0,3467,1,1,6,0,3,7,0,0
scale-invariant feature transform,8,1,0,0,0,0,1,0,0,0,0,0,0,0,0,1284,1,3514,4,4,0,1,0,5,7,0
scale-invariant feature transform,9,0,0,0,0,0,0,0,0,0,0,0,0,0,0,239,2,30431,6,2,0,0,4,2,0,2
scale-invariant feature transform,10,0,0,0,0,0,0,0,1,1,0,0,0,0,0,597,32,4100,3,5,0,6,0,3,3,0
dynamic programming,1,0,0,0,0,0,0,0,1,1,0,1,1,0,0,985,17,693,0,1,0,0,1,0,0,0
dynamic programming,2,1,0,0,1,0,0,0,1,1,1,1,1,0,0,752,3,18189,22,0,11,14,11,2,0,1
dynamic programming,3,0,0,0,0,0,0,0,1,1,1,1,1,0,0,925,1,2966,0,0,3,1,5,0,0,0
dynamic programming,4,1,0,0,1,0,0,0,1,1,0,1,1,0,0,502,0,49836,0,16,1,61,11,11,17,2
dynamic programming,5,1,0,0,1,0,0,0,1,1,1,1,1,0,0,1026,15,2713,0,0,3,2,6,0,0,0
dynamic programming,6,0,0,0,0,0,0,0,1,1,0,0,0,0,0,877,5,381,0,0,0,0,0,0,0,0
dynamic programming,7,1,0,0,0,0,0,1,1,1,0,0,0,0,0,1235,0,670,0,0,0,0,1,0,0,0
dynamic programming,8,1,0,0,0,0,0,1,1,0,1,1,0,0,1,770,70,29416,43,1,61,0,12,17,3,1
dynamic programming,9,0,0,0,0,0,0,0,1,1,1,1,1,0,0,394,0,30925,0,4,3,9,3,3,17,2
dynamic programming,10,0,0,0,0,0,0,0,1,1,1,1,1,0,0,764,6,7336,0,0,1,1,0,7,5,0
dynamic programming,1,0,1,0,0,1,0,0,1,1,0,1,0,1,0,268,14,1459,4,1,0,5,1,5,3,0
dynamic programming,2,1,0,0,1,0,0,0,1,1,1,1,0,1,0,702,7,7171,3,4,7,0,6,8,8,0
dynamic programming,3,1,0,0,1,0,0,0,1,1,0,0,0,0,0,1211,11,1258,0,0,2,0,1,1,0,0
dynamic programming,4,1,0,1,0,0,0,1,1,1,0,0,0,0,0,868,3,6987,0,1,0,0,1,0,1,0
dynamic programming,5,1,0,0,0,1,0,0,1,1,0,0,0,0,0,1029,9,2620,3,0,3,0,0,0,0,0
dynamic programming,6,1,0,0,0,0,0,1,1,1,1,0,0,0,0,239,4,1144,3,1,0,1,2,0,3,0
dynamic programming,7,1,0,0,0,0,0,1,1,1,0,0,0,0,0,819,0,15,0,0,0,0,0,0,0,0
dynamic programming,8,1,0,0,0,0,0,1,1,1,0,0,0,0,0,559,3,12,0,0,0,0,0,0,2,0
dynamic programming,9,0,1,0,0,1,0,0,0,0,1,1,1,1,0,426,13,3022,0,1,8,0,0,0,1,0
dynamic programming,10,0,0,1,0,0,0,0,1,1,1,1,0,1,0,800,0,1912,0,2,1,3,0,0,1,0
hamming code,1,0,0,0,0,0,0,0,1,0,0,1,1,0,0,1007,0,6218,1,0,0,1,3,3,0,0
hamming code,2,1,0,0,0,0,1,0,1,1,0,0,0,0,0,927,0,1375,0,0,0,3,5,0,0,0
hamming code,3,1,0,0,0,0,0,1,0,0,0,1,1,0,0,1290,0,3623,0,0,0,0,1,0,6,0
hamming code,4,1,0,0,0,1,0,0,0,0,0,1,1,0,0,775,6,8573,1,6,6,0,0,0,4,1
hamming code,5,0,0,0,0,0,0,0,1,1,0,0,0,0,0,625,0,12531,1,0,0,58,0,8,3,1
hamming code,6,1,0,0,0,0,1,0,1,1,0,1,1,0,0,985,0,265,0,0,0,0,0,1,0,0
hamming code,7,0,0,0,0,0,0,0,1,1,0,0,0,0,0,258,2,20636,2,0,0,0,13,6,3,1
hamming code,8,1,0,0,0,0,0,1,1,1,0,0,0,0,0,1034,11,6837,2,9,7,0,0,1,0,0
hamming code,9,0,0,1,0,0,0,0,0,0,0,0,0,0,0,1222,1,1150,3,8,0,3,5,3,0,0
hamming code,10,1,0,0,0,0,1,0,1,1,0,0,0,0,0,1045,2,3447,9,3,7,0,6,0,0,0
hamming code,1,1,0,0,0,0,0,1,0,0,1,1,0,1,0,612,0,2379,0,0,3,0,0,0,2,0
hamming code,2,1,0,0,1,0,0,0,1,1,0,0,0,0,0,1160,5,3936,6,0,0,5,0,1,0,0
hamming code,3,0,0,0,0,0,0,0,1,1,0,0,0,0,0,577,10,21703,0,0,2,11,10,0,8,1
hamming code,4,1,0,0,1,0,0,0,0,0,1,1,1,1,0,941,42,8335,3,0,3,1,9,2,14,0
hamming code,5,1,0,0,0,0,0,1,1,1,0,0,0,0,0,1082,3,12957,16,12,10,0,8,1,0,1
hamming code,6,1,0,0,1,0,0,0,0,0,0,1,0,1,0,704,3,29334,0,47,0,76,17,3,9,1
hamming code,7,1,0,0,1,0,0,0,1,1,0,0,0,0,0,848,11,22225,0,1,16,0,0,6,0,1
hamming code,8,0,0,0,0,0,0,0,1,1,0,0,0,0,0,494,2,45881,30,0,0,0,0,12,0,2
hamming code,9,1,0,0,0,0,1,0,0,0,0,1,0,1,0,1239,8,7458,1,4,4,1,1,0,4,0
hamming code,10,1,0,0,1,0,0,0,1,1,0,0,0,0,0,376,8,0,0,0,0,0,0,0,0,0
quantum cryptography,1,1,0,0,0,0,0,1,1,0,1,1,1,0,0,394,0,2376,0,0,9,4,3,0,0,0
quantum cryptography,2,1,0,0,0,0,0,1,1,1,1,1,1,0,0,584,6,1555,2,2,2,0,1,2,5,0
quantum cryptography,3,1,0,0,0,0,0,1,1,1,0,1,1,0,0,437,0,5611,0,2,3,0,3,0,0,0
quantum cryptography,4,0,1,0,0,0,0,1,1,1,0,0,0,0,0,1002,287,819,0,1,0,1,0,0,0,0
quantum cryptography,5,1,0,0,0,0,0,1,1,1,1,1,1,0,0,698,25,397,0,0,0,0,0,0,0,0
quantum cryptography,6,1,0,0,0,0,0,1,0,0,1,1,1,0,0,240,2,2041,0,0,1,4,3,3,0,0
quantum cryptography,7,1,0,0,0,0,0,1,0,0,1,1,1,0,0,1299,4,2177,0,0,7,0,0,4,7,0
quantum cryptography,8,1,0,0,0,0,0,1,0,0,1,1,1,0,0,589,3,24591,0,10,0,2,14,16,9,1
quantum cryptography,9,1,0,0,1,0,0,0,1,0,1,0,0,0,0,838,1,0,0,0,0,0,2,0,3,0
quantum cryptography,10,0,0,0,0,0,0,0,0,0,0,1,1,0,0,667,0,2264,3,0,0,4,0,0,0,0
quantum cryptography,1,1,0,0,0,0,1,0,1,1,0,0,0,0,0,425,0,261,2,0,0,0,0,0,1,0
quantum cryptography,2,0,0,1,0,0,0,0,0,0,1,1,0,1,0,959,0,1875,0,0,2,0,0,0,0,0
quantum cryptography,3,0,0,0,0,0,0,0,1,0,1,0,0,0,0,896,37,6948,3,3,0,0,0,5,0,0
quantum cryptography,4,0,0,0,0,0,0,0,1,1,0,0,0,0,0,227,0,19513,1,0,2,3,3,3,12,1
quantum cryptography,5,1,0,0,0,0,1,0,1,1,0,0,0,0,0,1125,13,217,0,0,0,0,0,0,0,0
quantum cryptography,6,1,0,0,1,0,0,0,1,0,1,0,0,0,0,933,7,7900,0,1,1,4,0,0,0,0
quantum cryptography,7,1,0,0,0,1,0,0,1,1,0,0,0,0,0,539,4,5899,0,0,1,1,4,5,1,0
quantum cryptography,8,0,0,0,0,0,0,0,1,0,1,0,0,0,0,1027,5,16427,13,5,0,0,16,11,3,1
quantum cryptography,9,0,1,0,0,0,0,1,1,1,0,0,0,0,0,896,1,6275,0,1,0,8,0,0,0,0
quantum cryptography,10,0,0,0,0,0,0,0,1,0,1,1,0,1,0,1163,2,3010,0,0,0,0,3,0,0,0
optimization problem,1,0,0,0,0,0,0,0,1,1,0,1,1,0,0,692,22,34665,3,3,0,22,10,12,8,2
optimization problem,2,1,0,0,0,0,0,1,0,0,0,1,1,0,0,522,8,45808,0,9,1,0,13,2,16,2
optimization problem,3,1,0,0,1,0,0,0,1,0,1,1,1,0,0,1011,0,3951,0,0,3,0,0,0,0,0
optimization problem,4,1,0,0,0,0,1,0,0,0,1,1,1,0,0,923,0,3409,3,0,2,0,0,3,0,0
optimization problem,5,1,0,0,0,0,0,1,0,0,0,1,1,0,0,1196,5,6118,8,1,9,0,0,2,3,0
optimization problem,6,1,0,0,1,0,0,0,0,0,1,1,1,0,0,283,10,39172,2,0,14,22,5,3,0,2
optimization problem,7,0,0,0,0,0,0,0,0,0,1,1,1,0,0,675,7,913,1,1,0,1,0,0,0,0
optimization problem,8,1,0,0,0,0,0,1,0,0,1,1,1,0,0,974,0,2604,0,0,0,1,4,4,0,0
optimization problem,9,0,0,0,0,0,0,0,1,0,1,1,1,0,0,795,0,40051,0,2,1,0,17,10,6,2
optimization problem,10,0,0,0,0,0,0,0,1,1,0,1,1,0,0,524,0,7469,0,0,2,0,0,1,7,0
optimization problem,1,0,0,0,0,0,0,0,0,0,0,1,0,1,0,1234,10,4601,4,0,4,2,1,0,0,0
optimization problem,2,1,0,0,0,0,0,1,0,0,1,1,0,1,0,412,2,7380,0,4,0,7,0,0,3,0
optimization problem,3,1,0,0,0,0,0,1,0,0,1,1,0,1,0,806,0,7432,10,0,4,0,0,0,1,0
optimization problem,4,1,0,0,1,0,0,0,0,0,1,1,0,1,0,201,2,22351,3,0,1,0,7,4,4,1
optimization problem,5,1,0,0,0,1,0,0,0,0,1,1,0,1,0,574,0,10473,1,0,13,58,0,1,6,1
optimization problem,6,1,0,0,0,0,0,1,0,0,1,1,0,1,0,222,18,1563,4,5,5,3,2,4,5,0
optimization problem,7,1,0,0,1,0,0,0,1,0,0,1,0,1,0,383,42,2504,0,1,0,1,2,0,0,0
optimization problem,8,1,0,0,1,0,0,0,0,0,0,1,0,1,0,741,12,41781,61,57,47,4,12,9,3,2
optimization problem,9,1,0,0,0,0,0,1,0,0,0,1,0,1,0,496,15,40242,53,0,0,0,3,14,3,2
optimization problem,10,1,0,0,0,0,0,1,0,0,0,1,0,1,0,998,8,32894,61,9,0,8,3,17,2,2
semi-supervised learning,1,1,0,0,1,0,0,0,1,1,0,1,1,0,0,960,2,6845,7,1,0,2,7,0,3,0
semi-supervised learning,2,0,0,0,0,0,0,0,1,1,0,1,1,0,0,570,13,8204,0,0,1,0,0,0,3,0
semi-supervised learning,3,0,1,0,0,0,1,0,1,1,0,1,1,0,0,457,2,9085,1,7,2,0,10,2,0,0
semi-supervised learning,4,1,0,0,0,1,0,0,1,1,0,1,1,0,0,230,16,25596,22,3,14,0,6,2,13,1
semi-supervised learning,5,0,0,0,0,0,0,0,0,0,0,1,1,0,0,836,4,7865,0,0,0,1,5,0,6,0
semi-supervised learning,6,1,0,0,0,0,0,1,1,1,0,1,1,0,0,873,0,17380,0,12,3,8,10,8,0,1
semi-supervised learning,7,1,0,0,1,0,0,0,0,0,1,1,1,0,0,1291,0,8925,0,0,0,9,0,7,1,0
semi-supervised learning,8,1,0,0,0,1,0,0,1,0,1,1,1,0,0,1104,0,3911,0,0,0,0,0,2,6,0
semi-supervised learning,9,1,0,0,0,1,0,0,1,1,0,1,1,0,0,528,0,7121,0,0,4,0,6,0,0,0
semi-supervised learning,10,1,0,0,0,1,0,0,0,0,1,1,1,0,0,1289,0,4219,0,5,4,0,0,0,6,0
semi-supervised learning,1,1,0,0,0,0,0,1,1,1,0,1,0,1,0,438,0,7257,0,0,1,1,9,0,0,0
semi-supervised learning,2,0,0,0,0,0,0,0,1,1,0,1,1,0,0,503,0,35058,58,7,3,0,8,3,3,2
semi-supervised learning,3,0,0,0,0,0,0,0,1,1,0,0,0,0,0,1016,0,4828,0,0,0,4,0,6,4,0
semi-supervised learning,4,1,0,0,0,1,0,0,1,1,0,0,0,0,0,984,0,26533,0,5,2,57,17,10,3,1
semi-supervised learning,5,1,0,0,1,0,0,0,1,1,0,0,0,0,0,1080,0,250,0,0,0,1,0,0,0,0
semi-supervised learning,6,1,0,0,0,1,0,0,1,1,0,0,0,0,0,867,53,486,2,0,1,0,0,0,0,0
semi-supervised learning,7,0,1,0,0,0,1,0,1,1,0,1,1,0,0,1273,139,582,0,0,1,4,0,0,0,0
semi-supervised learning,8,1,0,0,0,1,0,0,1,1,0,0,0,0,0,608,2,28153,0,0,0,0,3,8,4,1
semi-supervised learning,9,1,0,0,0,0,0,1,1,1,1,0,0,0,0,334,19,1367,3,0,3,0,7,1,1,0
semi-supervised learning,10,1,0,0,0,0,0,1,1,1,0,0,0,0,0,1293,27,17611,0,38,3,0,7,3,10,1
post-quantum cryptography,1,1,0,0,0,0,0,1,0,1,1,1,1,0,0,973,0,49610,12,0,9,14,6,7,4,2
post-quantum cryptography,2,0,0,0,0,0,0,0,0,0,1,1,1,0,0,1202,13,4730,0,2,1,0,0,3,6,0
post-quantum cryptography,3,1,0,0,0,0,0,1,0,0,1,1,1,0,0,859,3,568,0,1,6,0,0,1,1,0
post-quantum cryptography,4,0,0,0,0,0,0,0,0,0,0,1,1,0,0,808,0,844,2,4,3,3,1,0,4,0
post-quantum cryptography,5,1,0,0,0,1,0,0,1,1,0,0,0,0,0,1021,40,1511,5,1,4,1,3,3,4,0
post-quantum cryptography,6,0,1,0,0,0,1,0,0,0,0,0,0,0,0,687,0,4164,0,12,3,4,5,3,0,0
post-quantum cryptography,7,1,0,1,0,0,0,1,1,1,0,0,0,0,0,436,49,1594,4,5,1,0,0,3,4,0
post-quantum cryptography,8,1,0,0,0,1,0,0,0,0,0,0,0,0,0,1095,32,7433,0,6,0,0,4,3,0,0
post-quantum cryptography,9,1,0,0,0,0,1,0,1,1,0,1,1,0,0,1097,2,0,1,0,1,0,1,1,0,0
post-quantum cryptography,10,1,0,0,0,1,0,0,0,0,0,0,0,0,0,996,6,4974,0,0,1,1,5,0,0,0
post-quantum cryptography,1,0,0,0,0,0,0,0,1,1,1,1,0,1,0,602,42,812,0,3,7,0,0,5,0,0
post-quantum cryptography,2,1,0,0,0,0,0,1,1,1,1,1,0,1,0,570,0,1576,0,2,2,1,3,1,4,0
post-quantum cryptography,3,1,0,0,0,1,0,0,0,0,1,0,0,0,0,981,152,2864,0,0,0,0,1,0,8,0
post-quantum cryptography,4,1,0,0,0,0,0,1,0,0,1,0,0,0,0,392,20,38981,4,54,0,16,7,3,2,2
post-quantum cryptography,5,1,0,0,0,0,0,1,0,0,0,0,0,0,0,529,0,2924,0,0,3,5,0,0,2,0
post-quantum cryptography,6,1,0,0,0,1,0,0,0,0,0,0,0,0,0,1238,15,4800,7,0,0,7,1,6,5,0
post-quantum cryptography,7,0,1,0,0,0,0,1,0,0,1,1,0,0,1,728,29,2717,3,0,0,0,0,0,8,0
post-quantum cryptography,8,1,0,0,0,1,0,0,0,0,0,0,0,0,0,546,1,7366,7,0,10,1,1,8,0,0
post-quantum cryptography,9,1,0,0,0,0,0,1,0,0,0,0,0,0,0,996,18,4376,7,0,0,6,0,0,1,0
post-quantum cryptography,10,1,0,0,0,0,1,0,0,0,0,0,0,0,0,709,8,3364,0,2,5,0,0,1,3,0
stochastic optimization,1,0,1,0,0,0,0,1,0,0,1,1,1,0,0,884,2,2508,0,0,8,0,0,0,0,0
stochastic optimization,2,1,0,0,0,0,1,0,0,1,1,1,1,0,0,325,10,9471,0,1,13,0,1,1,4,0
stochastic optimization,3,1,0,0,1,0,0,0,0,0,1,1,1,0,0,878,9,26496,39,0,0,0,3,3,2,1
stochastic optimization,4,0,0,0,0,0,0,0,0,0,1,1,1,0,0,608,21,3625,8,4,1,1,2,4,0,0
stochastic optimization,5,1,0,0,0,0,0,1,0,1,0,1,1,0,0,487,20,4829,7,0,0,0,0,0,3,0
stochastic optimization,6,1,0,0,0,0,0,1,0,0,0,1,1,0,0,734,5,2510,0,9,3,3,0,4,8,0
stochastic optimization,7,1,0,0,1,0,0,0,1,0,1,1,0,0,1,245,0,7889,2,1,1,3,3,9,0,0
stochastic optimization,8,1,0,0,0,1,0,0,0,1,0,1,1,0,0,681,7,26325,57,0,0,0,10,16,4,1
stochastic optimization,9,1,0,0,0,0,0,1,1,0,1,1,1,0,0,1154,27,8367,0,0,3,4,1,7,0,0
stochastic optimization,10,0,0,0,0,0,0,0,0,0,1,1,1,0,0,980,11,2802,6,3,6,0,0,1,9,0
stochastic optimization,1,1,0,0,1,0,0,0,1,1,1,1,0,1,0,659,3,149,0,0,0,0,0,0,0,0
stochastic optimization,2,1,0,0,1,0,0,0,1,1,1,1,0,1,0,777,0,1630,4,0,3,0,2,0,2,0
stochastic optimization,3,1,0,0,0,0,0,1,0,0,0,1,0,1,0,1162,9,1347,0,0,3,0,0,3,0,0
stochastic optimization,4,1,0,0,0,1,0,0,1,1,0,0,0,0,0,1263,3,6975,1,4,1,0,4,7,0,0
stochastic optimization,5,0,0,0,0,0,0,0,1,1,1,0,0,0,0,869,5,517,0,1,0,0,0,1,0,0
stochastic optimization,6,1,0,0,1,0,0,0,1,0,1,1,0,0,1,1238,4,6744,6,0,4,10,8,0,0,0
stochastic optimization,7,0,0,0,0,0,0,0,1,1,0,0,0,0,0,518,5,31579,8,0,12,0,0,10,5,2
stochastic optimization,8,1,0,0,1,0,0,0,1,1,0,0,0,0,0,1175,1,5141,6,0,4,5,0,12,1,0
stochastic optimization,9,1,0,0,1,0,0,0,1,1,0,0,0,0,0,382,2,8711,16,1,1,2,10,3,0,0
stochastic optimization,10,1,0,0,1,0,0,0,1,1,0,0,0,0,0,202,9,23317,0,0,0,10,6,3,11,1
feature selection,1,1,0,0,0,0,0,1,1,1,0,1,1,0,0,457,12,41285,0,7,22,0,4,3,13,2
feature selection,2,1,0,0,1,0,0,0,1,1,1,1,1,0,0,1269,2,8027,11,1,1,0,10,0,6,0
feature selection,3,1,0,0,0,1,0,0,1,1,0,1,1,0,0,887,4,4510,0,2,0,0,0,0,7,0
feature selection,4,1,0,0,0,0,1,0,1,1,0,1,1,0,0,1237,2,1581,0,0,0,0,0,1,2,0
feature selection,5,1,0,0,0,0,0,1,1,1,0,1,1,0,0,1160,11,1756,0,0,4,0,1,3,6,0
feature selection,6,0,0,0,0,0,0,0,1,1,0,1,1,0,0,752,1,31870,63,54,11,0,8,13,0,2
feature selection,7,0,0,0,0,0,0,0,1,1,0,1,1,0,0,613,0,0,0,0,0,0,0,1,2,0
feature selection,8,0,0,0,0,0,0,0,1,1,0,1,1,0,0,642,0,10628,0,6,0,4,14,0,7,1
feature selection,9,1,0,0,1,0,0,0,1,1,0,1,1,0,0,846,0,9241,0,0,7,9,12,0,4,0
feature selection,10,1,0,0,0,0,0,1,1,1,1,1,1,0,0,205,0,7885,0,1,1,10,13,0,0,0
feature selection,1,1,0,0,0,0,0,1,1,0,1,1,0,1,0,1195,2,4846,0,0,0,0,9,0,8,0
feature selection,2,1,0,0,0,0,0,1,1,1,1,1,0,1,0,830,1,2133,0,3,4,4,0,0,8,0
feature selection,3,1,0,0,1,0,0,0,1,1,0,1,0,1,0,276,1,18690,1,0,1,5,8,0,10,1
feature selection,4,1,0,0,1,0,0,0,1,0,1,0,0,0,0,601,1,1745,6,0,1,7,8,3,3,0
feature selection,5,0,0,0,0,0,0,0,0,0,1,1,0,1,0,685,0,0,0,0,0,0,3,0,0,0
feature selection,6,0,0,0,0,0,0,0,1,1,0,0,0,0,0,800,0,7153,0,0,8,7,2,0,0,0
feature selection,7,1,0,0,0,0,0,1,0,0,0,1,0,1,0,744,0,9408,11,4,0,0,0,9,0,0
feature selection,8,0,0,0,0,0,0,0,0,0,1,1,0,1,0,940,1,27925,0,0,0,0,0,5,4,1
feature selection,9,1,0,0,0,0,0,1,1,1,0,0,0,0,0,1130,3,2999,1,3,3,0,10,3,2,0
feature selection,10,1,0,0,1,0,0,0,1,1,0,0,0,0,0,925,10,7429,1,0,1,8,8,0,1,0
finite element method,1,1,0,0,1,0,0,0,0,0,0,1,1,0,0,943,0,7216,0,0,0,8,2,0,0,0
finite element method,2,0,0,0,0,0,0,0,1,1,1,1,1,0,0,228,1,504,3,0,3,0,0,0,0,0
finite element method,3,1,0,0,0,0,1,0,1,0,0,1,1,0,0,681,10,7531,0,6,0,5,1,8,6,0
finite element method,4,0,0,0,0,0,0,0,0,0,1,1,1,0,0,602,4,4645,0,3,10,0,0,0,2,0
finite element method,5,0,0,0,0,0,0,0,0,0,0,1,1,0,0,210,0,0,0,0,0,0,0,0,0,0
finite element method,6,1,0,0,0,0,0,1,0,0,1,1,1,0,0,676,17,2873,0,1,0,2,0,0,1,0
finite element method,7,0,0,0,0,0,0,0,0,0,0,1,1,0,0,671,3,1226,3,0,1,0,0,1,1,0
finite element method,8,1,0,0,0,0,0,1,1,0,0,1,1,0,0,359,0,5650,0,0,1,1,3,0,8,0
finite element method,9,0,0,0,0,0,0,0,0,0,0,1,1,0,0,1255,2,6799,0,0,1,0,3,0,0,0
finite element method,10,1,0,0,1,0,0,0,0,0,0,1,1,0,0,952,2,2934,0,0,0,0,0,7,0,0
finite element method,1,1,0,1,0,0,0,1,1,1,0,0,0,0,0,799,0,1510,0,1,1,1,0,0,0,0
finite element method,2,0,0,1,0,0,0,0,1,0,1,0,0,0,0,1085,4,3076,2,0,0,0,7,0,0,0
finite element method,3,0,0,0,0,0,0,0,0,1,1,1,0,1,0,379,0,542,0,0,3,0,2,0,0,0
finite element method,4,0,0,0,0,0,0,0,1,0,1,0,0,0,0,1006,0,11505,3,0,58,2,3,6,13,1
finite element method,5,0,0,0,0,0,0,0,0,0,0,0,0,0,0,373,1,9650,0,8,3,9,0,13,1,1
finite element method,6,0,0,1,0,0,0,0,1,1,0,0,0,0,0,613,2,4755,5,0,0,9,0,3,0,0
finite element method,7,0,0,1,0,0,0,0,1,1,0,0,0,0,0,1157,1,2943,0,7,3,0,7,5,6,0
finite element method,8,1,0,1,1,0,0,0,1,1,0,0,0,0,0,1142,3,35415,1,0,0,0,8,17,3,2
finite element method,9,0,0,0,0,0,0,0,1,1,0,0,0,0,0,266,1,6708,2,0,8,4,0,0,0,0
finite element method,10,0,0,0,0,0,0,0,0,0,0,0,0,0,0,866,0,8395,0,0,7,0,2,0,0,0
feature detection,1,0,0,0,0,0,0,0,1,1,0,1,1,0,0,265,19,25881,0,8,54,10,6,14,3,1
feature detection,2,1,0,1,0,0,0,1,0,0,1,1,1,0,0,1151,0,2635,0,5,4,5,0,0,1,0
feature detection,3,0,1,0,0,1,0,0,0,0,1,1,1,0,0,577,1,3889,0,0,1,10,0,0,5,0
feature detection,4,0,0,0,0,0,0,0,1,1,0,0,0,0,0,879,0,3965,1,0,4,0,0,3,1,0
feature detection,5,1,0,0,0,0,0,1,0,0,1,1,1,0,0,1296,0,6846,0,0,9,1,0,2,22,0
feature detection,6,1,0,0,0,1,0,0,0,1,0,1,1,0,0,1210,0,0,0,0,2,0,2,0,0,0
feature detection,7,0,0,0,0,0,0,0,0,0,1,1,1,0,0,586,0,7681,0,0,3,7,0,1,9,0
feature detection,8,1,0,0,1,0,0,0,0,0,1,1,1,0,0,690,0,30057,6,7,2,0,8,9,3,2
feature detection,9,1,0,0,0,1,0,0,0,0,1,1,1,0,0,215,0,7956,0,0,3,3,0,12,0,0
feature detection,10,1,0,0,0,0,0,1,0,0,0,1,1,0,0,562,0,7135,8,2,3,0,4,3,11,0
feature detection,1,1,0,0,0,0,0,1,1,1,1,0,0,0,0,695,0,31930,0,0,0,0,11,2,0,2
feature detection,2,1,0,0,1,0,0,0,1,1,1,0,0,0,0,969,0,1069,0,0,0,0,0,0,1,0
feature detection,3,0,0,0,0,0,0,0,1,1,0,0,0,0,0,596,0,220,0,0,0,4,2,0,0,0
feature detection,4,0,0,0,0,0,0,0,1,1,0,0,0,0,0,1151,0,2416,3,5,0,2,0,0,1,0
feature detection,5,1,0,0,1,0,0,0,0,0,1,1,0,1,0,1205,0,9381,3,0,0,0,1,9,1,1
feature detection,6,1,0,0,1,0,0,0,1,1,0,0,0,0,0,959,0,2302,5,4,8,0,5,0,9,0
feature detection,7,0,0,0,0,0,0,0,1,1,0,0,0,0,0,853,1,3145,3,0,0,0,0,8,0,0
feature detection,8,0,0,0,0,0,0,0,1,1,1,0,0,0,0,888,0,5468,0,0,2,0,7,1,8,0
feature detection,9,1,0,0,1,0,0,0,0,0,1,1,0,1,0,933,10,3647,5,4,0,8,0,9,6,0
feature detection,10,1,0,0,0,0,0,1,0,0,1,1,0,1,0,797,8,404,0,0,0,0,0,0,0,0
randomized algorithm,1,0,0,0,0,0,0,0,1,0,0,1,1,0,0,687,7,18657,0,1,4,22,10,5,2,1
randomized algorithm,2,1,0,0,0,0,1,0,1,0,0,1,1,0,0,1141,21,47528,22,0,2,5,9,3,3,2
randomized algorithm,3,1,0,0,0,0,0,1,0,0,1,1,1,0,0,400,0,726,0,0,0,1,0,1,0,0
randomized algorithm,4,1,0,0,1,0,0,0,0,0,1,1,1,0,0,858,54,8437,0,7,0,3,0,0,0,0
randomized algorithm,5,1,0,0,0,0,0,1,0,0,0,1,1,0,0,215,13,2728,0,7,0,0,6,1,0,0
randomized algorithm,6,1,0,0,0,0,0,1,0,0,1,1,1,0,0,405,2,2045,3,9,3,6,2,0,8,0
randomized algorithm,7,1,0,0,0,0,0,1,1,0,1,1,1,0,0,539,4,4005,5,2,8,0,0,0,0,0
randomized algorithm,8,1,0,0,0,0,1,0,1,1,0,0,0,0,0,1288,5,0,0,0,0,0,0,0,3,0
randomized algorithm,9,1,0,0,1,0,0,0,0,0,0,1,1,0,0,1192,5,365,0,0,0,2,0,0,0,0
randomized algorithm,10,1,0,0,0,0,1,0,1,1,0,0,0,0,0,822,15,16098,3,22,12,2,14,4,3,1
k-nearest neighbor algorithm,1,1,0,0,0,0,1,0,1,1,0,0,0,0,0,244,0,3533,4,3,0,3,7,1,0,0
k-nearest neighbor algorithm,2,1,0,0,0,0,1,0,1,1,0,0,0,0,0,712,0,30068,1,0,4,0,8,14,13,2
k-nearest neighbor algorithm,3,0,0,0,0,0,0,0,0,0,0,0,0,0,0,575,0,0,0,0,0,0,2,0,1,0
k-nearest neighbor algorithm,4,1,0,0,0,0,0,1,1,1,0,0,0,0,0,326,0,2530,4,0,0,0,0,0,13,0
k-nearest neighbor algorithm,5,1,0,0,0,0,0,1,0,0,1,0,0,0,0,612,2,3197,1,0,4,1,0,0,0,0
k-nearest neighbor algorithm,6,1,0,0,0,0,1,0,0,0,0,0,0,0,0,432,2,658,0,7,5,7,1,0,2,0
k-nearest neighbor algorithm,7,1,0,0,0,0,0,1,0,0,0,0,0,0,0,869,0,24685,13,8,16,1,3,17,3,1
k-nearest neighbor algorithm,8,0,0,0,0,0,0,0,1,1,0,0,0,0,0,870,5,8251,0,1,0,3,1,0,0,0
k-nearest neighbor algorithm,9,0,0,0,0,0,0,0,0,0,0,0,0,0,0,445,28,2004,0,0,3,4,2,0,2,0
k-nearest neighbor algorithm,10,1,0,0,0,0,0,1,1,1,0,0,0,0,0,1119,10,4817,0,0,7,3,1,0,8,0
backpropagation,1,0,0,0,0,0,0,0,1,1,0,1,1,0,0,949,12,1625,0,0,1,2,5,5,1,0
backpropagation,2,1,0,0,1,0,0,0,1,1,0,0,0,0,0,302,0,36806,0,0,1,58,7,3,16,2
backpropagation,3,1,0,0,0,1,0,0,1,0,1,1,1,0,0,686,4,5078,6,0,0,0,3,6,3,0
backpropagation,4,1,0,0,0,0,0,1,1,1,0,1,1,0,0,524,10,3299,4,0,1,1,0,8,0,0
backpropagation,5,1,0,0,0,0,0,1,0,0,0,1,1,0,0,1300,0,2798,0,0,0,2,0,0,3,0
backpropagation,6,0,0,0,0,0,0,0,0,0,0,1,1,0,0,983,8,32863,24,76,1,17,5,17,6,2
backpropagation,7,0,0,0,0,0,0,0,0,0,1,1,1,0,0,450,3,4470,0,0,0,1,0,0,8,0
backpropagation,8,1,0,0,0,1,0,0,0,0,1,1,1,0,0,527,8,935,0,0,2,2,0,0,0,0
backpropagation,9,0,0,0,0,0,0,0,1,1,0,0,0,0,0,636,0,5353,0,9,1,0,16,0,11,0
backpropagation,10,1,0,0,0,0,0,1,0,0,1,1,1,0,0,1279,13,953,1,0,1,6,0,0,0,0
backpropagation,1,1,0,0,0,0,0,1,1,1,1,1,0,1,0,716,1,7667,6,8,6,1,0,7,1,0
backpropagation,2,1,0,0,0,1,0,0,1,1,0,1,0,1,0,628,3,6427,10,8,0,17,8,12,17,0
backpropagation,3,1,0,0,1,0,0,0,1,1,1,1,0,1,0,349,1,4507,38,39,38,16,14,1,3,0
backpropagation,4,1,0,0,0,0,0,1,0,0,0,1,0,1,0,1207,7,2925,12,3,0,8,17,10,10,0
backpropagation,5,1,0,1,0,0,0,1,0,0,0,1,0,1,0,1278,5,2856,8,0,2,12,4,0,13,0
backpropagation,6,1,0,0,0,1,0,0,0,0,0,1,1,1,0,994,6,1294,0,43,0,0,2,3,0,0
backpropagation,7,1,0,0,1,0,0,0,1,1,0,0,0,0,0,706,0,0,0,0,0,0,0,0,3,0
backpropagation,8,0,0,0,0,0,0,0,1,0,1,0,0,0,0,351,3,1100,0,0,0,7,0,8,2,0
backpropagation,9,0,0,0,0,0,0,0,0,0,1,1,0,1,0,526,6,2678,0,0,7,5,0,0,2,0
backpropagation,10,0,0,0,0,0,0,0,0,0,1,1,0,1,0,346,14,2519,3,0,0,3,1,0,0,0
facial recognition system,1,1,0,0,0,0,0,1,0,0,0,1,1,0,0,1270,0,2769,0,0,1,4,1,1,0,0
facial recognition system,2,0,0,0,0,0,0,0,0,0,0,1,1,0,0,717,0,1985,0,2,0,0,2,0,0,0
facial recognition system,3,0,0,0,0,0,0,0,0,0,1,1,1,0,0,574,11,36,0,0,0,0,0,0,0,0
facial recognition system,4,1,0,0,1,0,0,0,0,0,0,1,1,0,0,316,35,3827,0,0,0,0,8,6,7,0
facial recognition system,5,1,0,0,1,0,0,0,0,0,1,1,1,0,0,693,0,472,3,2,0,0,3,0,1,0
facial recognition system,6,1,0,0,0,0,0,1,0,0,0,1,1,0,0,329,0,3821,3,2,0,0,0,7,0,0
facial recognition system,7,1,0,0,0,0,0,1,0,0,1,1,1,0,0,1200,15,1705,3,1,0,3,0,2,0,0
facial recognition system,8,1,0,0,0,0,0,1,0,0,1,1,1,0,0,1141,0,9749,3,0,0,11,2,9,0,1
facial recognition system,9,0,1,0,0,0,0,1,0,0,0,1,1,0,0,795,7,0,0,0,1,0,1,1,0,0
facial recognition system,10,1,0,0,0,1,0,0,0,0,1,1,1,0,0,484,0,10932,0,9,0,4,8,13,5,1
facial recognition system,1,1,0,0,1,0,0,0,0,0,1,1,0,1,1,522,9,1817,0,2,0,0,0,0,7,0
facial recognition system,2,1,0,0,0,0,0,1,0,0,0,0,0,0,0,986,0,4518,3,0,6,1,3,1,0,0
facial recognition system,3,0,1,0,0,1,0,0,0,0,1,1,0,1,0,1289,0,1287,0,0,0,0,0,0,0,0
facial recognition system,4,0,1,0,0,0,1,0,0,0,0,0,0,0,0,1102,0,3268,3,0,0,0,0,0,0,0
facial recognition system,5,0,0,0,0,0,0,0,1,1,0,0,0,0,0,1298,0,2862,0,0,7,0,1,0,0,0
facial recognition system,6,0,0,0,0,0,0,0,1,1,0,0,0,0,0,366,51,40859,0,4,5,54,6,6,14,2
facial recognition system,7,0,0,0,0,0,0,0,0,0,1,1,0,1,0,752,32,0,0,0,0,0,2,3,0,0
facial recognition system,8,0,0,0,0,0,0,0,0,1,0,0,0,0,0,201,19,394,0,0,2,0,0,1,0,0
facial recognition system,9,1,0,0,0,0,0,1,0,0,0,0,0,0,0,1271,23,492,0,0,1,0,0,0,2,0
facial recognition system,10,1,0,0,0,0,0,1,0,0,0,0,0,0,0,823,0,1054,0,0,0,0,0,0,0,0
constraint programming,1,1,0,1,0,0,0,1,1,1,0,0,0,0,0,380,7,7043,0,8,0,0,1,0,0,0
constraint programming,2,1,0,0,0,0,0,1,1,0,1,1,1,0,0,653,11,1334,1,1,0,3,0,4,0,0
constraint programming,3,0,1,0,0,0,1,0,0,0,1,1,1,0,0,477,62,34795,10,2,43,0,17,10,12,2
constraint programming,4,0,0,0,0,0,0,0,0,0,0,1,1,0,0,564,0,3824,2,1,5,3,0,0,0,0
constraint programming,5,1,0,0,0,0,1,0,0,0,1,1,1,0,0,1043,56,1431,2,2,0,2,0,0,5,0
constraint programming,6,1,0,0,0,0,0,1,1,1,1,1,1,0,0,325,29,27425,0,0,7,1,1,4,13,1
constraint programming,7,1,0,0,0,0,0,1,1,0,1,0,0,0,0,1240,9,23534,0,0,4,9,0,5,3,1
constraint programming,8,1,0,0,1,0,0,0,1,1,0,0,0,0,0,1109,16,3045,0,4,0,4,3,0,1,0
constraint programming,9,1,0,0,1,0,0,0,1,1,0,0,0,0,0,644,2,3675,0,8,0,1,3,7,0,0
constraint programming,10,1,0,0,0,0,0,1,1,0,1,0,0,0,0,739,2,17261,0,39,58,38,5,11,4,1
constraint programming,1,1,0,1,1,0,0,0,1,1,0,1,0,1,0,1279,6,0,0,0,0,0,0,0,3,0
constraint programming,2,1,0,0,0,1,0,0,1,1,1,0,0,0,0,1254,0,16510,47,3,0,47,0,13,10,1
constraint programming,3,0,0,0,0,0,0,0,1,1,1,1,0,1,0,265,2,3109,0,0,5,0,0,0,0,0
constraint programming,4,1,0,0,1,0,0,0,1,1,0,1,0,1,0,551,0,47317,0,0,47,6,3,3,11,2
constraint programming,5,0,0,0,0,0,0,0,0,0,1,1,0,1,0,554,5,2013,0,0,0,0,1,0,2,0
constraint programming,6,1,0,0,1,0,0,0,1,1,0,0,0,0,0,963,19,2115,8,3,0,1,1,6,0,0
constraint programming,7,1,0,0,0,0,0,1,1,0,1,0,0,0,0,734,1,5646,1,0,0,0,1,1,0,0
constraint programming,8,1,0,0,0,0,0,1,0,0,1,1,0,1,0,1225,1,4472,5,0,2,0,1,0,2,0
constraint programming,9,1,0,0,1,0,0,0,1,1,0,0,0,0,0,1194,0,0,0,0,0,1,3,2,0,0
constraint programming,10,1,0,0,1,0,0,0,1,1,0,0,0,0,0,739,0,2178,2,9,0,0,0,0,3,0
complexity,1,1,0,0,0,0,1,0,1,1,0,1,1,0,0,351,0,4605,5,1,0,0,7,0,8,0
complexity,2,1,0,0,0,0,1,0,1,1,1,1,1,0,0,579,0,36940,30,0,0,0,5,8,3,2
complexity,3,0,1,0,0,0,1,0,1,1,0,1,1,0,0,762,13,9973,3,2,2,6,4,0,2,1
complexity,4,1,0,0,1,0,0,0,1,1,1,1,1,0,0,1291,3,39134,0,1,0,0,10,2,17,2
complexity,5,1,0,0,0,1,0,0,1,1,1,1,1,0,0,1075,1,38520,14,0,1,17,7,3,12,2
complexity,6,1,0,0,1,0,0,0,1,1,1,1,1,0,0,459,9,0,0,0,0,0,2,0,0,0
complexity,7,1,0,0,0,0,1,0,1,1,0,1,1,0,0,363,10,27012,14,0,7,14,1,3,11,1
complexity,8,1,0,0,0,1,0,0,1,1,0,1,1,0,0,468,84,41538,24,2,3,0,3,2,10,2
complexity,9,0,1,0,0,1,0,0,1,1,1,1,1,0,0,1232,12,3596,0,4,0,0,1,6,0,0
complexity,10,1,0,0,0,0,0,1,1,1,1,1,1,0,0,1116,2,1748,0,0,1,1,0,0,2,0
complexity,1,1,0,0,1,0,0,0,1,1,0,1,0,1,0,1051,7,37655,0,11,22,10,8,9,10,2
complexity,2,0,0,0,0,0,0,0,1,0,1,1,0,1,0,347,4,3245,3,0,3,8,1,0,1,0
complexity,3,0,0,0,0,0,0,0,1,0,1,1,0,1,0,695,11,3004,4,0,0,0,9,0,9,0
complexity,4,1,0,0,0,0,0,1,1,1,1,1,0,1,0,911,9,0,0,1,0,0,3,0,0,0
complexity,5,1,0,0,0,0,0,1,1,1,0,1,0,1,0,544,4,46927,0,3,2,8,10,3,7,2
complexity,6,1,0,0,0,0,0,1,1,0,0,1,1,1,0,986,0,1289,3,0,0,0,0,0,0,0
complexity,7,0,0,0,0,0,0,0,0,0,0,1,0,1,0,542,18,4713,0,11,0,0,0,3,0,0
complexity,8,0,0,0,0,0,0,0,1,1,0,1,0,1,0,424,6,2713,0,0,0,1,0,0,1,0
complexity,9,1,0,0,0,1,0,0,1,1,1,1,0,1,0,801,2,43172,3,30,0,61,3,1,0,2
complexity,10,0,0,0,0,0,0,0,1,0,1,1,0,1,0,250,0,1943,5,5,0,1,1,3,9,0
federated learning,1,1,0,0,0,1,0,0,1,0,1,1,1,0,0,944,0,22111,8,57,11,0,4,8,3,1
federated learning,2,1,0,0,0,1,0,0,1,1,1,1,1,0,0,1172,0,6856,7,0,8,1,0,3,1,0
federated learning,3,1,0,0,0,1,0,0,1,1,1,1,1,0,0,1291,0,1782,1,3,2,5,1,1,1,0
federated learning,4,1,0,0,0,1,0,0,1,0,1,1,1,0,0,1149,9,4243,1,3,4,2,0,0,0,0
federated learning,5,1,0,0,0,1,0,0,1,0,1,0,0,0,0,1004,4,7599,1,0,0,7,1,1,7,0
federated learning,6,0,1,0,0,0,1,0,1,1,0,0,0,0,0,814,0,7440,0,3,0,9,0,0,8,0
federated learning,7,1,0,0,0,0,0,1,1,1,0,1,1,0,0,1011,0,174,0,0,0,1,0,0,0,0
federated learning,8,1,0,0,0,1,0,0,0,0,1,0,0,0,0,354,0,31250,0,0,0,0,14,4,1,2
federated learning,9,1,0,0,0,1,0,0,1,1,0,1,1,0,0,774,0,4417,0,1,6,0,9,0,0,0
federated learning,10,0,1,0,0,0,1,0,1,1,1,1,1,0,0,534,0,2583,8,0,0,0,2,0,0,0
federated learning,1,1,0,0,0,1,0,0,1,1,0,0,0,0,0,436,0,2018,1,0,0,2,1,0,0,0
federated learning,2,1,0,0,0,1,0,0,1,1,1,1,1,0,0,1090,0,7570,1,9,1,0,4,3,1,0
federated learning,3,1,0,0,0,1,0,0,1,1,1,0,0,0,0,868,0,4596,0,3,3,0,0,0,4,0
federated learning,4,1,0,0,0,0,0,1,1,1,0,0,0,0,0,964,4,30092,0,0,0,0,10,3,3,2
federated learning,5,1,0,0,0,1,0,0,1,1,0,0,0,0,0,1214,6,479,0,0,2,0,0,0,0,0
federated learning,6,0,0,0,0,0,0,0,1,1,0,0,0,0,0,1025,10,606,1,0,0,0,1,0,0,0
federated learning,7,1,0,0,0,1,0,0,1,1,0,0,0,0,0,293,0,0,3,0,0,2,0,1,0,0
federated learning,8,0,0,0,0,0,0,0,0,0,1,0,0,0,0,536,0,26738,1,0,16,66,10,1,8,1
federated learning,9,1,0,0,0,0,0,1,1,1,0,0,0,0,0,1015,1,5152,3,8,0,0,1,8,4,0
federated learning,10,1,0,0,0,1,0,0,1,1,0,0,0,0,0,421,3,0,0,0,1,0,0,1,1,0
deepfake,1,0,0,0,0,0,0,0,1,0,1,1,1,0,0,909,0,2433,0,0,8,9,0,6,7,0
deepfake,2,1,0,0,0,0,1,0,1,1,1,0,0,0,0,715,24,1501,0,0,0,0,0,0,1,0
deepfake,3,1,0,0,0,1,0,0,1,0,1,1,1,0,0,1206,1,21581,34,2,2,8,1,3,1,1
deepfake,4,1,0,0,0,0,0,1,1,0,0,0,0,0,0,934,1,4085,0,0,2,0,0,3,6,0
deepfake,5,0,1,0,0,0,1,0,1,1,0,1,1,0,0,363,8,353,0,0,0,1,0,0,3,0
deepfake,6,1,0,0,0,0,0,1,1,1,0,0,0,0,0,622,4,24123,0,4,12,7,14,0,9,1
deepfake,7,1,0,0,0,1,0,0,1,0,1,1,1,0,0,417,0,2872,3,1,0,8,0,0,3,0
deepfake,8,1,0,0,1,0,0,0,1,1,1,0,0,0,0,1099,19,460,0,0,3,3,0,0,0,0
deepfake,9,0,1,0,0,0,1,0,0,0,1,1,1,0,0,1144,23,330,0,0,0,0,0,0,0,0
deepfake,10,0,1,0,0,0,1,0,1,1,0,1,1,0,0,447,1,8129,0,1,0,1,0,1,0,0
deepfake,1,0,0,0,0,0,0,0,1,1,0,0,0,0,0,938,0,1123,2,0,2,0,2,0,0,0
deepfake,2,0,0,0,0,0,0,0,1,0,1,0,0,0,0,1140,0,11160,1,14,0,0,3,3,3,1
deepfake,3,1,0,0,0,1,0,0,1,0,1,0,0,0,0,418,0,3743,0,0,9,5,1,7,8,0
deepfake,4,0,0,0,0,0,0,0,0,0,0,0,0,0,0,376,0,9839,9,6,0,9,6,0,0,0
deepfake,5,1,0,0,0,0,0,1,1,1,0,0,0,0,0,1244,15,38605,10,30,2,3,14,8,1,2
deepfake,6,1,0,0,0,0,0,1,1,1,0,0,0,0,0,229,23,4354,1,0,6,1,3,0,0,0
deepfake,7,1,0,0,0,1,0,0,1,1,0,0,0,0,0,1162,2,10182,1,0,2,0,3,5,0,1
deepfake,8,1,0,0,0,1,0,0,1,1,0,0,0,0,0,841,16,1448,0,1,0,0,0,0,0,0
deepfake,9,0,0,0,0,0,0,0,1,1,1,0,0,0,0,314,3,31925,11,2,3,14,9,2,10,2
